"id","Time_DentMax","Time_Competitors","Time_total_show","share_purchase","sales_index","sales_freq","length","N_referrals","Imp_ImageQuality","Imp_DiagnosticFlexibility","Imp_SoftwareIntegration","Imp_TechnicalAssistance","Imp_Price","Trust_TVads","Trust_RadioAds","Trust_InternetAds","Trust_DentalMagazineAds","Trust_Peers"
1,12,22,150,32,21,3,4,1,5,5,5,6,7,5,5,4,5,6
4,11,21,150,33,21,3,4,1,5,5,5,6,7,4,5,4,5,5
5,12,21,150,32,21,3,4,1,5,5,5,7,7,5,4,4,5,6
6,36,78,180,45,64,5,9,2,6,5,6,6,6,4,5,6,6,7
8,45,27,130,100,58,6,8,12,7,7,4,5,4,5,4,3,7,6
9,6,11,61,6,9,1,9,0,4,4,4,7,7,4,3,3,4,5
10,36,79,179,45,64,4,9,2,6,6,7,6,6,5,4,6,6,7
13,6,12,61,6,10,1,9,0,4,4,4,7,7,4,4,3,4,5
14,6,12,59,5,8,1,9,0,4,4,4,7,7,4,4,3,4,5
15,7,10,60,6,10,1,8,0,4,4,4,7,7,4,3,3,4,5
16,6,11,59,6,9,1,9,0,4,4,4,7,7,4,4,3,4,5
18,35,78,180,45,64,5,9,2,6,6,7,6,6,4,5,6,6,7
19,37,78,181,45,65,4,9,2,6,5,6,6,6,4,5,6,6,7
22,45,26,130,99,58,6,8,12,7,7,4,6,4,5,4,4,7,6
23,37,78,180,45,64,5,9,2,6,6,6,6,6,4,5,6,6,7
26,12,21,149,32,21,3,4,1,5,5,5,6,7,5,4,4,6,6
27,6,11,60,6,9,1,9,0,4,4,4,7,7,4,4,3,4,5
28,5,11,60,6,10,1,9,0,4,4,4,7,7,4,3,2,4,5
29,7,10,60,6,9,1,9,0,4,4,4,7,7,4,4,3,4,5
30,35,78,181,45,64,4,9,2,6,6,6,6,6,5,5,6,6,7
32,6,11,60,7,9,1,9,0,4,4,4,7,7,4,4,3,4,5
34,45,26,130,100,58,6,8,12,7,7,4,6,4,5,4,4,6,6
37,5,11,59,6,10,1,9,0,4,4,4,7,7,4,3,3,4,5
39,12,20,149,31,21,3,4,0,5,5,5,6,7,5,5,4,5,5
40,12,21,150,32,21,3,4,0,5,5,5,7,6,5,5,4,6,6
41,36,78,180,44,64,4,9,2,6,6,6,6,6,4,5,6,6,7
42,12,22,150,31,21,3,4,1,5,5,5,6,6,5,5,4,5,6
43,6,11,60,6,8,1,8,0,4,4,4,7,7,4,4,3,4,5
44,36,78,180,45,64,4,9,2,6,6,6,6,6,4,5,6,6,7
45,12,22,150,33,21,3,4,1,5,5,5,6,7,5,5,4,6,6
46,13,21,150,32,22,3,4,0,5,5,5,6,7,5,4,4,5,5
47,12,21,151,31,21,3,4,1,5,5,4,6,7,5,5,4,6,6
49,11,22,150,32,21,3,4,0,5,5,5,6,6,5,5,4,5,6
50,12,21,151,31,21,3,4,0,5,5,5,6,7,5,4,4,5,5
52,13,22,150,31,21,3,4,1,5,5,5,6,7,4,4,4,5,6
53,12,20,150,32,22,3,4,1,5,5,5,6,7,4,5,4,5,5
54,6,11,60,5,9,1,9,0,4,4,4,7,7,4,4,3,4,5
55,12,21,150,32,20,3,4,0,5,5,5,6,7,5,4,4,6,6
56,6,12,60,7,8,1,9,0,4,4,4,7,7,4,3,3,4,5
57,11,21,150,32,20,3,4,1,5,5,5,7,7,5,4,4,5,6
58,12,21,150,32,21,3,4,1,5,5,5,6,7,5,4,4,5,6
60,36,78,179,45,64,4,9,2,6,5,6,6,6,4,4,6,6,7
63,12,21,150,32,21,3,5,0,5,5,5,6,7,5,5,4,6,5
64,35,77,180,45,64,4,9,2,6,6,6,6,6,4,5,6,6,7
65,36,78,180,46,64,5,9,2,6,5,6,6,6,5,5,6,6,7
66,12,21,150,32,20,3,4,1,5,5,5,6,7,5,5,4,6,6
68,12,21,151,33,20,3,4,1,5,5,5,6,7,5,5,4,6,5
69,36,78,180,45,64,5,9,2,6,6,6,6,6,4,5,6,6,7
70,45,26,129,100,58,6,8,12,6,7,4,5,4,5,4,4,6,6
73,5,11,59,6,9,1,9,0,4,4,4,7,7,4,4,3,4,5
74,36,77,180,44,64,5,9,2,6,5,6,6,6,4,4,6,6,7
77,13,21,150,32,21,3,5,1,5,5,5,6,7,5,5,4,6,6
79,36,78,180,45,64,4,9,2,6,5,6,6,6,4,5,6,6,7
80,12,21,149,32,21,3,4,1,5,5,5,6,7,5,5,4,6,6
82,45,25,130,100,58,6,8,12,7,7,4,5,4,5,4,4,7,6
83,12,21,150,31,21,3,4,1,5,5,5,6,7,5,4,4,5,5
84,5,11,60,6,10,1,9,0,3,4,4,7,7,4,4,3,4,5
85,12,22,150,32,22,3,4,1,5,5,5,7,7,5,4,4,6,6
88,12,20,151,32,21,3,4,1,5,5,5,6,7,5,4,4,5,6
89,11,21,150,32,21,3,5,1,5,5,5,6,7,5,4,4,5,5
92,12,20,150,32,21,3,4,0,5,5,5,6,7,5,4,4,5,5
94,36,77,181,45,63,4,9,2,6,6,6,6,6,4,5,6,6,7
95,12,20,150,32,21,3,4,1,5,5,5,6,7,5,5,4,5,5
96,45,27,130,100,57,6,8,12,6,7,4,5,4,5,4,4,7,6
97,12,21,150,32,21,3,4,0,5,5,5,6,7,5,4,4,5,6
100,12,21,150,32,20,3,4,1,5,5,5,6,7,5,4,4,6,6
101,45,27,129,100,58,6,8,12,7,7,5,5,4,5,4,3,6,6
102,12,21,150,32,20,3,4,0,5,5,5,6,7,4,5,4,5,6
103,36,78,181,45,65,4,9,2,6,5,6,6,6,4,5,6,6,7
105,12,21,150,33,21,3,4,0,5,5,5,7,7,5,4,4,5,6
106,12,21,150,32,21,3,4,1,5,5,5,6,7,5,5,4,5,6
107,6,10,61,6,9,1,9,0,4,4,4,7,7,4,4,3,4,5
108,45,26,131,100,58,6,8,12,6,7,4,6,4,5,4,4,7,6
109,6,11,60,6,9,1,9,0,4,4,4,7,7,4,4,3,4,5
110,12,22,150,31,21,3,4,0,5,5,5,6,7,5,5,4,5,6
111,12,20,150,32,21,3,4,1,5,5,5,6,7,5,4,4,5,6
112,45,26,130,99,58,6,8,12,6,7,4,6,4,5,4,3,6,6
113,35,78,180,46,64,5,9,2,6,5,7,6,6,5,5,6,6,7
116,36,79,179,45,64,4,9,2,6,5,6,6,6,4,5,6,6,7
117,12,22,149,32,21,3,5,1,5,5,5,6,7,5,5,4,6,6
118,6,11,60,6,10,1,9,0,4,4,4,7,7,4,3,3,4,6
119,12,21,149,32,20,3,4,1,5,5,5,6,7,5,5,4,5,5
120,7,12,60,6,9,1,9,0,4,4,4,6,7,4,4,3,4,5
122,36,78,180,45,64,5,9,2,6,5,7,6,6,4,5,6,5,7
123,6,11,61,6,9,1,9,0,4,4,4,7,7,4,4,3,4,6
124,6,12,60,5,8,1,8,0,4,4,4,7,7,4,4,3,4,5
127,36,78,180,45,64,4,9,2,6,6,7,6,6,4,4,6,6,7
128,46,25,130,100,59,6,8,12,7,7,4,6,4,5,4,4,6,6
130,36,78,181,46,63,4,9,2,6,6,6,6,6,5,5,6,6,7
131,6,10,60,6,9,1,9,0,4,4,4,7,7,4,4,3,4,5
133,12,21,150,32,21,3,4,0,5,5,5,6,7,5,4,4,5,5
134,12,21,151,32,22,3,4,1,5,5,5,6,7,5,5,4,5,6
136,12,21,150,32,21,3,4,0,5,5,5,6,7,5,4,4,5,6
137,36,78,181,45,64,5,9,2,6,5,7,6,6,5,5,6,6,7
138,6,11,60,7,9,1,9,0,4,4,4,7,7,4,4,3,4,5
139,36,78,180,44,64,4,9,2,6,5,6,6,6,4,5,6,6,7
141,6,11,60,6,9,1,8,0,4,4,4,6,7,4,4,3,4,5
142,13,21,150,32,21,3,4,1,5,5,5,6,7,4,4,4,5,6
143,12,21,149,32,21,3,4,0,5,5,5,6,6,5,5,4,5,6
145,46,25,130,99,58,6,8,12,6,7,4,6,4,5,4,4,6,6
146,6,10,60,6,9,1,9,0,4,4,4,7,7,4,4,3,4,5
148,12,21,150,33,20,3,4,1,5,5,5,6,7,4,4,4,5,6
150,12,21,150,33,21,3,4,1,5,5,4,6,7,4,4,4,5,6
152,6,10,60,5,10,1,9,0,4,4,4,7,7,4,4,3,4,5
153,37,78,180,45,64,4,9,2,6,6,6,6,6,4,4,6,6,7
154,11,22,150,33,21,3,4,1,5,5,5,6,7,5,5,4,5,6
155,6,11,60,6,8,1,9,0,4,4,4,7,7,4,4,3,4,5
156,36,78,180,45,65,4,9,2,6,6,6,6,6,4,5,6,6,7
159,45,27,129,100,58,6,8,12,7,7,4,6,4,5,4,3,6,6
161,12,21,150,32,21,3,4,1,5,5,5,6,6,4,4,4,6,5
162,36,78,180,45,64,5,9,2,6,5,6,6,6,4,5,6,6,7
164,12,20,150,32,21,3,4,1,5,5,5,6,7,4,4,4,5,6
165,46,26,130,100,58,6,8,12,7,7,4,6,5,5,4,4,7,6
166,12,21,150,33,21,3,4,0,5,5,5,6,7,5,4,4,5,5
167,12,20,150,32,21,3,4,1,5,5,5,7,7,5,5,4,5,6
168,11,21,150,32,21,3,4,0,5,5,5,6,7,4,5,4,5,6
169,37,78,180,45,64,4,9,2,6,6,6,6,6,4,5,6,6,7
170,46,26,130,100,58,6,8,12,7,7,4,6,5,5,4,4,7,6
171,12,21,149,33,22,3,4,1,5,5,5,6,7,5,5,4,5,6
172,6,11,60,6,9,1,9,0,4,4,4,7,7,3,4,3,4,5
173,12,21,151,32,21,3,4,1,5,5,5,7,7,5,5,4,5,6
175,13,21,150,32,21,3,4,0,5,5,5,6,6,5,5,4,6,6
178,6,11,61,6,10,1,8,0,4,4,4,7,7,4,4,3,4,5
180,36,78,180,45,64,5,9,2,6,5,6,6,6,4,5,6,6,7
182,13,21,150,32,22,3,4,1,5,5,5,6,7,5,5,4,6,6
185,13,21,150,32,21,3,4,1,5,5,5,6,7,5,4,4,5,6
186,12,20,151,33,21,3,4,1,5,5,5,6,7,5,4,4,5,6
187,6,11,59,6,10,1,8,0,4,4,4,7,7,4,4,3,4,5
188,36,78,180,45,64,4,9,2,6,6,6,6,6,4,5,6,6,7
190,6,10,60,6,10,1,9,0,4,4,4,7,7,4,4,3,4,5
191,12,21,149,33,21,3,4,1,5,5,5,6,7,4,4,4,5,6
192,12,21,150,32,21,3,5,0,5,5,5,6,7,5,4,4,5,6
195,6,11,60,6,9,0,9,0,4,4,4,7,7,3,3,3,4,5
197,12,21,150,32,21,3,4,1,5,5,5,6,7,4,5,4,5,6
198,6,11,60,6,9,1,9,0,4,4,4,7,7,4,3,3,4,5
200,36,78,180,46,64,5,9,2,6,6,6,6,6,4,5,6,6,7
201,36,78,180,44,64,4,9,2,6,6,6,6,6,5,5,6,6,7
202,45,25,131,99,58,6,8,12,6,7,4,6,5,5,4,4,6,6
204,7,12,59,6,9,1,9,0,4,4,4,7,7,4,4,3,4,5
205,45,26,130,99,59,6,8,12,7,7,4,5,4,5,4,4,7,6
206,12,20,149,32,21,3,4,1,5,5,5,6,7,5,4,4,5,6
207,12,20,150,32,22,3,4,1,5,5,5,6,7,4,4,4,5,6
208,46,26,129,100,59,6,8,12,7,7,4,5,4,5,4,4,7,6
210,36,78,180,45,64,4,9,2,6,6,6,6,6,4,4,6,6,7
215,12,21,150,33,21,3,4,0,5,5,5,6,7,5,4,4,5,5
216,13,22,150,32,22,3,4,0,5,5,5,6,7,4,4,4,5,6
217,36,78,180,45,63,4,9,2,6,5,7,6,6,5,5,6,6,7
220,12,20,149,32,21,3,4,1,5,5,5,6,7,5,4,4,5,6
221,36,78,181,45,64,4,9,2,6,6,6,6,6,4,5,6,6,7
222,6,11,59,6,9,1,9,0,4,4,4,7,7,4,4,3,4,5
223,11,22,150,33,20,3,4,0,5,5,5,6,7,5,5,4,6,6
225,12,21,151,32,21,3,4,0,5,5,5,6,6,5,4,4,5,6
226,12,21,150,32,21,3,4,0,5,5,5,6,7,4,4,4,5,6
227,36,78,179,45,64,4,9,2,6,5,6,6,6,4,4,6,6,7
228,12,21,150,32,21,3,4,1,5,5,5,6,7,5,4,4,5,6
230,45,26,131,100,58,6,8,12,7,7,4,6,5,5,4,4,7,6
233,36,78,180,45,64,5,9,2,6,6,7,6,6,4,4,6,6,6
234,12,21,150,32,21,3,4,1,5,5,5,6,7,5,5,4,5,6
237,36,78,180,45,63,4,9,2,6,5,7,6,6,4,5,6,6,7
238,12,21,150,32,21,3,4,0,5,5,5,6,7,5,4,4,5,6
239,13,21,149,32,21,3,4,1,5,5,5,6,7,5,5,4,5,6
240,5,11,61,5,8,1,8,0,4,4,4,7,7,4,4,3,4,6
242,36,78,180,45,64,4,9,2,6,6,6,6,6,4,5,6,6,7
245,45,27,130,99,58,6,8,12,7,7,5,6,5,5,4,3,6,6
246,12,21,150,32,21,3,4,0,5,5,5,6,7,5,4,4,5,6
248,12,21,150,32,21,3,4,1,5,5,5,6,7,5,4,4,6,6
249,36,78,180,45,64,4,9,2,6,6,7,6,6,5,5,6,6,7
250,6,11,59,6,9,1,9,0,4,4,4,7,7,4,4,3,4,5
252,6,11,60,6,9,1,9,0,4,4,4,7,7,4,4,3,4,5
253,11,20,150,33,21,3,4,0,5,5,5,6,7,5,4,4,5,6
254,6,11,60,6,9,1,9,0,4,4,4,7,7,4,4,3,4,5
255,11,22,150,32,21,3,5,0,5,5,5,6,7,4,4,4,5,6
256,36,77,180,45,64,4,9,2,6,5,7,6,6,4,5,6,6,7
258,12,21,149,33,21,3,4,0,5,5,5,6,7,5,5,4,5,6
259,6,12,60,6,10,1,9,0,4,4,4,7,7,4,4,3,4,5
260,11,21,150,32,22,3,4,0,5,5,5,6,7,4,5,4,5,5
264,12,21,150,31,21,3,4,0,5,5,5,6,6,4,4,4,6,6
265,12,22,151,32,21,3,5,0,5,5,5,6,7,4,4,4,5,5
266,12,21,150,32,22,3,4,1,5,5,5,6,7,5,5,4,5,5
271,12,20,150,32,21,3,4,0,5,5,5,6,6,5,4,4,5,6
272,36,78,180,45,64,4,9,2,6,5,7,6,6,4,4,6,6,7
274,12,21,150,32,22,3,4,1,5,5,5,6,7,4,5,4,5,6
275,7,10,60,6,8,1,9,0,4,4,4,7,7,4,4,3,4,5
277,12,21,150,32,21,3,4,0,5,5,5,6,7,4,5,4,5,5
278,12,21,150,31,21,3,5,0,5,5,5,6,7,5,4,4,6,5
279,37,78,180,45,63,4,9,2,6,6,6,5,6,4,4,6,6,7
280,12,21,151,32,20,3,4,0,5,5,5,6,7,4,5,4,6,5
281,6,10,61,6,9,1,9,0,4,4,4,7,7,4,4,3,4,5
282,6,11,60,6,9,1,9,0,4,4,4,7,7,4,4,3,4,5
283,12,21,150,32,21,3,4,1,5,5,5,6,7,5,4,4,5,6
284,37,78,181,45,64,5,9,2,6,6,6,6,6,4,5,6,6,7
286,37,79,180,45,65,4,9,2,6,5,6,6,6,4,5,6,6,6
288,46,26,130,100,57,6,8,12,6,7,4,5,5,5,4,4,7,6
289,11,21,150,31,21,3,4,1,5,5,5,6,7,4,5,4,5,5
290,5,11,60,5,9,1,9,0,4,4,4,7,7,3,3,3,4,5
291,6,11,60,6,8,1,8,0,4,4,4,7,7,4,3,3,4,5
292,12,21,150,32,20,3,4,0,6,5,5,6,7,5,4,4,5,6
295,44,26,130,100,58,6,8,12,7,7,4,6,4,5,4,4,6,6
296,6,10,60,6,8,1,9,0,4,4,4,7,7,4,4,3,4,5
297,36,78,180,46,64,5,9,2,6,6,6,6,6,4,4,6,6,7
298,12,21,151,31,22,3,4,1,5,5,5,6,7,5,4,4,5,6
299,12,21,150,32,21,3,5,1,5,5,5,6,7,5,5,4,5,6
300,35,79,180,45,64,4,9,3,6,5,6,6,6,4,4,6,6,7
303,11,21,150,32,21,3,4,1,5,5,5,6,7,4,5,4,5,6
307,12,21,150,32,21,3,4,0,5,5,5,6,7,5,5,4,5,6
310,12,22,151,31,21,3,4,1,5,6,5,6,7,5,5,4,5,6
311,12,21,150,32,22,3,4,1,5,5,5,6,7,5,4,4,6,6
312,7,10,60,6,9,1,9,0,4,4,4,7,7,4,4,3,4,5
313,35,78,180,45,64,5,9,3,6,5,6,5,6,4,4,6,6,7
314,5,11,60,6,9,1,9,0,4,4,4,7,7,4,4,3,4,5
316,11,21,150,31,21,3,4,1,5,5,5,6,7,5,4,4,5,6
318,36,78,180,45,65,4,9,2,6,5,6,6,6,5,5,6,6,7
319,12,21,150,32,21,3,4,1,5,5,5,6,7,5,5,4,5,6
321,36,78,179,46,65,4,9,2,6,5,7,6,6,4,5,6,6,7
322,12,21,150,32,21,3,4,0,5,5,5,6,7,4,4,4,5,6
323,12,22,150,32,21,3,4,1,5,5,5,6,7,5,5,4,6,5
325,12,22,150,32,20,3,4,0,5,5,5,6,7,5,4,4,5,6
326,12,21,149,32,20,3,4,1,5,5,5,6,6,5,4,4,6,6
329,37,78,180,45,65,4,9,2,6,5,6,6,6,4,5,6,6,6
330,12,21,150,32,21,3,4,1,5,5,5,6,7,5,5,4,6,6
331,46,26,130,100,58,6,8,12,7,7,5,6,5,5,4,4,6,6
334,12,20,150,32,22,3,4,1,5,5,5,6,7,4,5,4,5,6
335,12,21,150,32,21,3,4,0,5,5,5,6,7,5,5,4,5,5
336,45,26,130,100,58,6,8,12,7,7,4,5,5,5,4,3,6,6
337,7,12,60,6,9,1,9,0,4,4,4,7,7,4,3,2,4,5
338,12,20,149,32,21,3,4,1,5,5,5,6,7,5,4,4,6,6
339,36,78,180,45,64,4,9,2,6,5,6,6,6,4,5,6,6,7
341,45,25,130,100,59,6,8,12,6,7,5,5,4,5,4,4,7,6
342,7,11,60,6,9,1,8,0,4,4,4,7,7,4,4,3,4,6
343,7,11,60,6,9,1,9,0,4,4,4,7,7,4,4,3,4,5
344,12,21,149,32,22,3,4,0,5,5,5,6,7,5,5,4,5,6
345,12,22,150,32,21,3,4,1,5,5,5,6,7,4,5,4,5,6
347,6,11,60,6,9,1,9,0,4,4,4,7,7,4,3,3,4,5
350,12,20,149,32,21,3,4,0,5,5,5,6,7,4,4,4,5,6
352,45,27,130,100,58,6,8,12,7,7,5,6,5,5,4,4,7,6
353,6,11,60,5,9,1,9,0,4,4,4,7,7,4,4,3,4,5
354,36,78,180,45,64,4,9,2,6,6,6,6,6,4,5,6,6,7
355,37,78,180,45,64,4,9,2,6,6,6,6,6,5,5,6,6,7
356,36,78,180,45,64,4,9,2,6,6,7,6,6,4,5,6,5,7
357,12,21,150,32,21,3,4,0,5,5,5,6,7,5,4,4,5,6
358,36,79,180,45,64,4,9,2,6,5,6,6,6,4,5,6,6,7
359,12,20,150,32,21,3,4,0,5,5,5,6,7,5,4,4,6,6
361,36,78,180,44,64,4,9,2,6,6,7,6,6,4,5,6,6,7
363,12,21,150,32,22,3,4,1,5,5,5,7,7,5,4,4,5,6
364,45,26,129,100,58,6,8,12,7,7,5,6,4,5,4,3,7,6
365,12,21,151,32,22,3,4,1,5,5,5,6,7,5,4,4,5,5
366,6,12,60,6,9,1,8,0,4,4,4,7,7,4,4,3,4,5
368,12,22,150,32,21,3,4,0,5,5,5,6,7,5,5,4,6,6
369,12,22,150,32,21,3,4,1,5,5,5,6,7,5,4,4,5,6
371,7,11,60,6,8,1,9,0,4,4,4,7,7,3,4,3,4,5
372,12,22,150,32,21,3,4,0,5,5,5,6,7,4,4,4,5,6
373,46,27,130,100,58,6,8,12,7,7,4,5,4,5,4,4,6,6
374,7,12,60,6,9,1,9,0,4,4,4,7,7,4,3,3,4,6
375,36,78,180,45,64,4,9,2,6,5,6,6,6,4,5,6,6,7
376,12,21,149,31,21,3,5,1,5,5,5,6,7,5,5,4,5,6
380,45,26,130,100,58,6,8,12,7,7,4,6,4,5,4,4,6,6
381,45,26,130,100,58,6,8,12,7,7,4,5,4,5,4,4,6,6
383,36,78,180,45,63,4,9,2,6,6,6,6,6,5,5,6,6,7
384,13,21,149,32,21,3,4,0,5,5,5,6,7,5,4,4,5,6
385,6,10,60,6,10,1,9,0,4,4,4,7,7,4,4,3,4,5
386,45,27,130,100,58,6,8,12,7,7,4,6,4,5,4,4,7,6
387,12,21,150,32,21,3,4,0,5,5,5,6,7,5,4,4,5,6
388,36,78,180,45,64,4,9,2,6,5,7,6,6,4,4,6,6,7
389,36,78,181,45,64,4,9,2,6,5,6,6,6,4,5,6,6,7
391,12,21,151,32,21,3,4,1,5,5,5,6,7,5,5,4,5,6
392,36,78,180,44,63,5,9,2,6,6,6,6,6,4,5,6,6,7
393,12,20,150,32,21,3,4,0,5,5,5,6,7,5,4,4,6,5
394,13,21,150,32,21,3,4,1,5,5,5,6,7,5,4,4,5,6
395,11,21,149,31,22,3,4,1,5,5,5,6,7,5,5,4,6,5
397,36,78,180,46,64,4,9,3,6,5,6,6,6,5,5,6,6,7
398,35,78,180,45,63,4,9,3,6,6,6,6,6,4,5,6,6,7
399,36,78,180,46,64,4,9,2,6,6,6,6,6,4,4,6,6,7
400,6,10,59,5,9,1,9,0,4,4,4,7,7,4,4,3,4,5
401,45,26,130,100,57,6,8,12,7,7,5,6,4,5,4,4,6,6
402,5,10,61,5,9,1,8,0,4,4,4,7,7,4,4,3,4,5
403,12,20,150,32,20,3,4,0,5,5,5,6,7,5,4,4,5,5
404,13,21,150,33,22,3,4,0,5,5,5,6,7,5,5,4,5,6
408,36,78,180,45,65,5,9,2,6,5,7,6,6,4,4,6,6,7
409,12,21,150,32,22,3,4,0,5,5,5,6,7,5,4,4,5,5
411,11,21,150,33,21,3,4,1,5,5,5,6,7,5,4,4,6,6
412,45,25,130,100,58,6,8,12,7,7,4,5,4,5,4,4,6,6
414,13,20,150,32,21,3,4,1,5,5,5,6,7,4,5,4,5,6
416,5,11,60,5,9,1,8,0,4,4,4,7,7,4,3,3,4,5
420,35,78,180,45,64,5,9,2,6,6,6,6,6,5,5,6,6,7
421,44,26,130,100,60,6,8,12,7,7,4,6,4,5,4,4,6,6
423,6,11,60,6,10,1,9,0,4,4,4,7,7,4,4,3,4,5
426,13,21,150,32,22,3,4,0,5,5,5,6,7,4,4,4,5,6
427,13,21,151,32,21,3,4,0,5,5,5,6,6,5,5,4,6,6
429,11,22,151,32,21,3,4,0,5,5,5,6,7,5,4,4,5,6
432,12,21,150,33,21,3,4,1,5,5,5,6,7,4,4,4,5,6
433,13,21,150,32,21,3,4,0,5,5,5,6,7,5,4,3,5,6
434,12,21,150,32,20,3,4,1,5,5,5,6,7,5,5,4,5,5
436,11,21,150,33,21,3,4,0,5,5,5,6,7,5,4,4,5,6
437,12,22,150,32,21,3,4,1,5,5,5,6,7,5,5,4,5,6
439,12,21,151,32,20,3,4,1,5,5,5,6,7,4,4,4,6,6
440,12,22,151,33,22,3,5,1,5,5,5,7,7,5,5,4,5,5
443,11,22,149,32,21,3,4,1,5,5,5,6,7,5,4,4,5,6
444,12,20,150,31,21,3,4,0,5,5,5,6,6,5,5,4,5,6
447,12,21,150,33,21,3,4,0,5,5,5,6,6,5,5,4,5,6
448,13,21,150,33,21,3,4,1,5,5,5,6,7,5,5,4,5,5
450,11,21,150,32,21,3,4,1,5,5,5,6,7,4,5,4,5,6
451,12,21,150,32,20,3,4,0,5,5,5,6,7,5,5,4,5,5
453,36,78,180,45,64,4,9,2,6,5,7,6,6,4,5,6,6,7
456,6,11,60,7,9,1,9,0,4,4,4,7,7,4,4,2,4,5
461,12,21,149,32,20,3,4,0,5,5,5,6,7,5,4,4,6,5
462,36,77,180,45,64,4,9,2,6,6,6,6,6,4,5,6,6,7
464,12,21,150,32,21,3,4,1,5,5,5,6,7,5,4,4,6,6
466,12,22,150,32,21,3,4,1,5,5,5,6,7,5,4,4,5,5
468,12,20,149,32,20,3,4,1,5,5,5,7,7,5,5,4,6,5
469,12,20,151,32,21,3,4,0,5,5,5,6,7,5,5,4,5,6
471,36,78,180,45,65,4,9,2,6,5,6,6,6,4,5,6,6,7
473,36,79,180,45,64,4,9,2,6,6,6,6,6,4,5,6,6,7
474,5,11,60,7,9,1,9,0,4,4,4,7,7,4,4,3,4,5
477,36,78,179,45,63,4,9,2,6,5,6,6,6,4,5,6,6,7
478,46,27,130,100,58,6,8,12,7,7,4,6,4,5,4,4,6,6
479,36,78,179,45,64,5,9,2,6,5,7,6,6,4,5,6,6,7
480,12,21,150,33,21,3,4,0,5,5,5,6,7,5,4,4,5,6
481,12,22,150,31,22,3,4,0,5,5,5,7,6,4,4,4,6,6
482,12,21,150,32,20,3,4,0,5,5,5,6,7,5,4,4,5,6
484,12,21,150,31,21,3,4,0,5,5,5,6,7,4,4,4,5,6
489,12,21,150,32,21,3,4,0,5,5,5,6,7,4,4,4,5,6
490,37,78,180,45,64,4,9,2,6,6,6,6,6,4,5,6,6,7
491,12,21,151,31,21,3,4,1,5,5,5,6,6,5,5,4,5,6
494,36,78,180,45,64,5,9,2,6,5,6,6,6,5,5,6,6,7
498,36,78,180,46,64,4,9,2,6,5,6,6,6,4,4,6,6,7
500,12,21,150,32,21,3,4,0,5,5,5,6,7,5,4,4,5,5
501,6,11,60,6,9,1,9,0,4,4,4,7,7,4,4,3,4,5
502,45,26,130,100,58,6,8,12,6,7,4,5,4,5,4,3,6,6
507,12,21,149,31,20,3,4,0,5,5,5,6,7,4,4,4,5,6
508,12,20,150,32,21,3,4,1,5,5,5,6,7,5,5,4,5,6
509,44,26,130,100,58,6,8,12,7,7,5,6,4,5,4,4,7,6
511,12,21,149,32,21,3,4,0,5,5,5,6,7,5,4,4,5,6
514,11,21,150,32,21,4,4,1,5,5,5,6,6,5,5,4,6,6
516,13,21,150,31,21,3,4,0,5,5,5,6,7,4,4,4,5,6
522,36,79,179,45,64,5,9,2,6,5,6,6,6,4,5,6,6,7
524,13,21,149,32,22,3,5,1,5,5,5,6,7,5,5,4,5,5
525,13,22,150,32,20,3,4,0,5,5,5,6,7,4,4,4,5,6
526,12,21,150,32,21,3,5,0,5,5,5,6,7,4,4,4,5,6
527,12,20,149,32,21,3,4,1,5,5,5,6,7,5,5,4,5,6
528,12,22,149,32,21,3,5,1,5,5,5,6,7,5,4,4,5,5
530,12,21,150,32,20,3,4,0,5,5,5,6,7,4,5,4,5,6
534,6,10,61,6,8,1,9,0,4,4,4,7,7,4,3,3,4,5
535,12,21,151,32,21,3,4,0,5,5,5,6,7,5,4,4,5,5
536,12,21,150,32,21,3,4,1,5,5,5,6,7,4,4,4,5,5
537,6,10,60,5,9,1,8,0,4,4,4,7,7,4,4,3,4,5
538,36,78,180,47,64,5,9,2,6,6,6,6,6,4,5,6,6,7
539,12,21,150,32,21,3,4,1,5,5,5,6,7,5,4,4,6,6
540,36,78,180,45,64,5,9,2,6,5,6,6,6,4,5,6,6,7
541,11,20,149,32,21,3,4,1,5,5,5,6,7,5,5,4,6,6
543,13,21,150,32,20,3,4,1,5,5,5,6,7,5,4,4,6,6
544,44,26,129,100,58,6,8,12,6,7,4,5,4,5,4,4,6,6
545,45,25,130,100,58,6,8,12,7,7,4,6,5,5,4,4,6,6
546,6,11,60,6,9,1,9,0,4,4,4,7,7,4,4,3,4,5
547,12,22,150,32,21,3,4,1,5,5,5,6,7,5,5,4,5,6
548,12,21,150,32,22,3,4,1,5,5,5,6,7,5,4,4,6,5
549,12,21,150,32,21,3,4,1,5,5,5,6,7,5,4,4,5,6
553,12,21,150,31,21,3,4,1,5,5,5,6,7,5,4,4,5,5
555,6,12,60,6,9,1,8,0,4,4,4,7,7,4,4,3,4,5
556,6,11,60,7,9,1,9,0,4,4,4,7,7,4,4,3,4,5
560,6,11,59,5,10,1,9,0,4,4,4,7,7,4,4,3,4,5
561,6,11,60,6,8,1,9,0,4,4,4,7,7,4,4,3,4,5
564,11,21,150,33,21,3,4,1,5,5,5,6,7,4,5,4,5,5
565,12,21,149,32,21,3,4,0,5,5,5,6,7,5,5,4,5,6
566,37,78,181,45,65,4,9,2,6,5,7,6,6,5,5,6,6,7
567,12,21,150,32,21,3,4,1,5,5,5,6,6,5,5,4,5,6
568,11,21,151,32,22,3,4,1,5,5,5,6,7,5,4,4,5,5
569,13,21,150,32,21,3,4,1,5,5,5,6,7,5,5,4,6,5
571,35,78,180,44,64,4,9,2,6,5,7,6,6,4,5,6,6,7
573,12,21,150,33,21,3,4,0,5,5,5,6,7,5,4,4,5,6
575,11,21,149,31,22,3,4,0,5,5,5,6,7,5,5,4,5,6
577,12,22,150,32,21,3,4,0,5,5,5,6,7,5,5,4,5,6
578,5,10,59,6,8,1,9,0,4,4,4,7,7,4,4,3,4,5
579,36,78,180,45,63,4,9,2,6,6,6,6,6,4,4,6,6,7
580,12,21,150,33,21,3,4,1,5,5,5,6,7,5,5,4,5,5
581,36,77,179,45,64,5,9,2,6,5,6,6,6,4,5,6,6,7
582,36,78,180,45,63,4,9,2,6,6,7,6,6,5,5,6,6,7
583,6,12,60,6,10,1,8,0,3,4,4,7,7,4,3,3,4,5
584,13,21,150,32,21,3,4,1,5,5,5,6,7,5,4,4,6,6
585,12,21,150,32,22,3,4,0,5,5,5,6,7,4,4,4,6,5
586,36,78,181,46,64,4,9,2,6,6,7,6,6,4,5,6,6,7
587,12,22,150,32,20,3,4,1,5,5,5,6,7,5,4,4,5,5
589,5,11,60,6,9,1,9,0,3,4,4,7,7,4,4,3,4,5
591,5,11,61,6,9,1,8,0,4,4,4,7,7,4,4,3,4,5
592,36,78,180,46,64,5,9,2,6,5,6,6,6,4,4,6,6,7
594,13,21,150,32,21,3,4,0,5,5,5,6,6,5,4,4,6,6
595,6,11,60,7,10,1,9,0,4,4,4,7,7,4,3,3,4,6
597,12,21,150,31,20,3,5,0,5,5,5,6,7,5,4,4,5,5
598,7,11,61,7,9,1,9,0,4,4,4,7,7,4,4,3,4,5
600,7,11,60,6,9,1,9,0,4,4,4,7,7,4,3,3,4,6
602,35,78,180,45,64,5,9,2,6,6,6,6,6,4,5,6,6,7
605,7,11,60,6,9,1,8,0,4,4,4,7,7,4,4,3,4,5
607,36,78,180,45,64,4,9,2,6,6,7,6,6,4,4,6,6,7
608,36,78,180,44,64,4,9,2,6,6,6,6,6,4,5,6,6,7
609,44,26,130,100,58,6,8,12,7,7,4,6,4,5,4,4,7,6
611,36,78,180,44,63,4,9,2,6,5,6,6,6,4,4,6,6,7
612,6,11,61,6,9,1,9,0,4,4,4,7,7,4,4,3,4,5
613,36,78,181,45,64,4,9,2,6,6,6,6,6,5,5,6,5,7
617,12,20,150,32,20,3,4,1,5,5,5,6,7,5,4,4,5,6
618,12,20,151,32,21,3,4,0,5,5,5,6,6,5,4,3,5,6
619,36,78,181,45,64,4,9,3,6,5,6,6,6,4,5,6,6,7
621,45,26,130,100,58,6,8,12,7,7,4,5,4,5,4,4,6,6
622,36,78,180,45,64,4,8,2,6,6,6,6,6,4,4,6,6,7
623,12,22,150,32,21,3,4,1,5,5,5,6,7,5,5,4,5,6
626,45,26,130,100,57,6,8,12,7,7,4,6,5,5,4,4,7,6
628,45,26,130,100,58,6,8,12,7,7,5,6,5,5,4,4,7,6
629,45,26,131,100,58,6,8,12,6,7,4,6,4,5,4,3,6,6
630,7,11,60,5,9,1,9,0,4,4,4,7,7,4,4,3,4,5
631,12,21,150,31,21,3,4,0,5,5,5,6,6,5,4,4,5,6
632,12,21,150,31,21,3,5,0,5,5,5,6,7,5,5,4,5,6
633,11,21,149,32,20,3,4,1,5,5,5,6,7,5,4,4,5,6
635,12,20,150,32,21,3,4,1,5,5,5,6,7,5,4,4,5,6
637,45,26,130,100,58,6,8,12,6,7,5,6,4,5,4,4,6,6
638,12,21,150,32,22,3,4,0,5,5,5,6,7,4,5,4,5,5
642,7,10,60,7,8,1,8,0,4,4,4,7,7,4,3,3,4,5
643,12,21,151,33,21,3,4,1,5,5,5,6,7,5,4,4,5,6
644,12,21,150,32,21,3,4,0,5,5,5,6,7,5,5,4,5,6
645,12,21,150,31,21,3,4,1,5,5,5,6,7,5,4,4,5,6
647,46,26,130,100,58,6,8,12,7,7,4,6,4,5,4,4,7,6
648,12,21,151,32,21,3,4,1,5,5,5,6,7,5,5,4,6,6
650,36,78,180,45,64,4,9,2,6,6,6,6,6,4,5,6,6,7
651,45,26,130,100,58,6,8,12,7,7,4,5,5,5,4,4,6,6
653,12,21,150,31,21,3,4,0,5,5,5,6,7,4,4,4,6,5
654,6,11,60,6,9,1,9,0,4,4,4,7,7,4,3,3,4,5
655,12,21,151,32,21,3,4,0,5,5,5,6,7,5,5,4,5,6
656,12,20,150,32,21,3,4,1,5,5,5,6,7,5,5,4,5,6
657,12,20,149,33,21,3,4,1,5,6,5,6,7,4,5,4,5,5
658,12,21,150,33,20,3,4,0,5,5,5,6,7,5,5,4,5,6
660,11,21,150,32,22,3,4,1,5,5,5,6,7,4,4,4,5,6
661,45,26,130,100,58,6,8,12,7,7,5,5,5,5,4,4,6,6
663,13,21,150,32,21,3,4,0,5,5,5,6,7,5,5,4,5,5
664,12,21,149,33,22,3,5,1,5,5,5,6,7,5,5,4,5,6
665,45,27,130,100,58,6,8,12,6,7,4,6,5,5,4,4,6,6
666,45,26,130,100,58,6,8,12,7,7,5,5,4,5,4,3,6,6
667,13,21,150,32,21,3,4,0,5,5,5,6,7,5,5,4,5,6
668,12,21,151,33,20,3,4,0,5,5,5,6,7,5,4,4,5,6
669,35,78,180,45,65,4,9,2,6,5,7,6,6,5,5,6,6,7
670,12,21,150,32,21,3,5,1,5,5,5,6,7,5,4,4,5,6
671,45,26,130,100,58,6,8,12,7,6,4,6,4,5,4,3,6,6
673,6,12,60,7,9,1,9,0,4,4,4,7,7,4,4,3,4,6
676,11,21,150,32,21,3,4,0,5,5,5,6,7,5,4,4,5,5
677,12,22,150,32,21,3,4,1,5,5,5,6,7,5,5,4,6,5
678,13,20,150,33,21,3,4,1,5,5,5,6,7,4,5,4,5,6
679,12,21,150,32,21,3,4,0,5,5,5,6,7,4,5,4,5,6
680,12,21,150,33,22,3,4,0,5,5,5,6,7,4,5,4,5,6
681,6,10,60,5,9,1,9,0,4,4,4,7,7,4,4,3,4,5
682,13,21,151,33,21,3,4,1,5,5,5,6,7,4,5,4,5,6
684,45,26,130,99,59,6,8,12,7,7,4,6,4,5,4,4,7,6
685,12,21,151,32,21,3,4,1,5,5,5,6,7,5,4,4,5,6
686,12,21,150,32,21,3,4,0,5,5,5,6,7,5,5,4,6,6
689,6,11,60,6,10,1,9,0,4,4,4,7,7,4,4,3,4,5
691,12,20,150,32,20,3,4,0,5,5,5,6,7,4,4,4,6,6
692,11,21,150,32,21,3,4,0,5,5,5,6,7,5,5,4,5,6
694,12,21,150,32,22,3,4,0,5,5,5,6,7,5,4,4,5,6
696,45,25,130,100,58,6,8,12,7,7,4,6,4,5,4,4,7,6
698,45,26,129,100,58,6,8,12,6,7,4,6,4,5,5,4,7,6
699,45,26,130,100,58,6,8,12,7,7,4,6,4,5,4,4,6,6
701,12,20,150,32,21,3,4,0,5,5,5,6,7,5,5,4,5,6
702,36,78,180,46,64,4,9,2,6,6,6,6,6,5,5,6,6,6
704,12,21,151,32,20,3,4,0,5,5,5,6,7,5,5,4,6,5
706,45,26,130,100,58,6,8,12,6,7,4,5,5,5,4,4,7,6
707,36,79,180,45,64,5,9,2,6,6,6,6,6,4,5,6,6,7
709,12,21,151,32,21,3,4,0,5,5,5,6,7,4,4,4,6,6
710,36,78,181,45,64,4,9,2,6,5,6,6,6,5,5,6,6,7
711,11,21,150,32,21,3,4,1,5,5,5,6,7,4,4,4,5,6
714,12,21,151,32,21,3,4,1,5,5,5,6,7,4,5,4,5,6
716,36,78,180,45,64,4,9,2,6,5,6,6,6,4,5,6,6,7
717,6,11,59,6,10,1,9,0,4,4,4,7,7,4,3,3,4,5
719,5,11,60,6,9,1,9,0,4,4,4,7,7,4,4,3,4,5
721,45,25,130,100,57,6,8,12,7,7,4,6,4,5,4,4,6,6
725,45,26,130,100,59,6,8,12,7,7,4,5,5,5,4,4,6,6
726,6,10,60,6,9,1,9,0,4,4,4,7,7,4,4,3,4,5
727,13,21,150,32,21,3,4,0,5,5,5,6,7,4,5,4,6,6
728,11,21,149,31,21,3,4,0,5,5,5,6,7,5,5,4,5,6
729,45,26,131,100,58,6,8,12,7,7,4,6,4,5,4,3,6,6
730,46,25,130,100,58,6,8,12,7,7,4,6,4,5,4,4,7,6
731,11,21,150,32,21,3,4,1,5,5,5,6,7,5,4,4,5,6
732,6,10,60,6,9,1,9,0,4,4,4,7,7,4,4,3,4,6
733,12,21,150,32,21,3,4,0,5,5,5,6,7,5,4,4,5,6
734,6,11,60,6,9,1,8,0,4,4,4,7,7,4,4,3,4,5
735,6,11,60,5,10,1,8,0,4,4,4,7,7,4,4,3,4,6
736,45,26,130,100,57,6,8,12,7,7,4,5,4,5,4,4,7,6
738,12,21,150,32,21,3,4,0,5,5,5,6,7,5,5,4,5,6
739,11,21,150,32,21,3,4,1,5,5,5,6,7,5,4,4,6,6
741,12,21,150,32,21,3,4,0,5,5,5,6,7,4,5,4,6,6
743,6,11,59,5,10,1,9,0,4,4,4,7,7,4,4,3,4,5
745,12,21,150,33,21,3,4,1,5,5,5,6,7,4,5,4,5,6
747,12,20,151,32,21,3,4,1,5,5,5,6,7,5,4,4,5,6
748,37,79,180,44,63,4,9,2,6,6,6,6,6,4,4,6,6,7
749,12,21,151,32,21,3,4,0,5,5,5,6,7,5,4,4,5,6
753,12,21,150,33,21,3,4,1,5,5,5,6,7,5,4,3,5,6
754,12,21,150,32,21,3,4,1,5,6,5,7,7,5,5,4,6,6
756,12,21,150,32,21,3,4,1,5,5,5,6,6,4,4,4,6,5
757,45,26,130,99,58,6,8,12,7,7,4,5,4,5,4,4,6,6
758,12,20,150,32,21,3,4,1,5,5,5,6,7,5,5,4,5,6
761,6,12,60,5,8,1,8,0,4,4,4,7,7,4,3,3,4,5
762,5,11,59,6,9,1,9,0,4,4,4,7,7,4,4,3,4,5
764,36,79,179,45,64,4,9,2,6,6,6,6,6,5,4,6,6,7
767,6,11,60,6,9,1,8,0,4,4,4,7,7,4,4,3,4,5
768,36,78,180,45,64,5,9,2,6,6,6,6,6,4,5,6,6,7
769,12,21,150,32,21,3,5,1,5,5,5,6,7,5,4,4,5,6
771,12,21,150,32,21,3,4,1,5,5,5,7,6,5,4,4,5,6
772,6,11,60,5,9,0,9,0,4,4,4,7,7,4,4,3,4,5
774,45,25,130,100,58,6,8,12,7,7,4,5,4,5,4,4,6,6
775,13,20,151,32,21,3,4,0,5,5,5,6,7,5,4,4,5,5
777,5,11,60,6,10,1,9,0,4,4,4,7,7,3,3,3,4,5
779,36,79,180,45,65,5,9,2,6,6,6,6,6,5,5,6,6,7
781,11,21,150,32,21,3,4,1,5,5,5,6,7,5,4,4,5,6
782,35,78,180,45,63,4,9,2,6,5,6,6,6,4,5,6,6,7
784,44,27,130,100,58,6,8,12,7,7,4,5,4,5,4,3,7,6
787,36,79,181,46,64,5,9,2,6,6,7,6,6,4,4,6,6,7
788,12,21,150,33,21,3,5,0,5,5,5,6,7,4,5,4,5,6
789,6,11,60,6,9,1,9,0,4,4,4,7,7,4,4,3,4,5
791,36,78,181,46,64,4,9,2,6,5,6,6,6,4,5,6,6,7
792,11,21,150,32,21,3,4,0,5,5,5,6,7,5,5,4,6,6
793,36,77,180,45,64,5,9,2,6,5,6,6,6,4,4,6,6,7
795,12,21,150,33,22,3,4,0,5,5,5,6,6,5,4,4,5,6
796,12,22,151,32,21,3,4,1,5,5,5,6,7,5,5,4,5,5
797,36,77,180,45,63,4,9,2,6,6,7,6,6,4,5,6,6,7
800,6,11,60,6,10,1,9,0,4,4,4,7,7,4,4,3,4,5
802,13,22,150,32,21,3,4,0,5,5,5,6,7,5,4,4,5,6
803,6,11,60,6,9,1,9,0,4,4,4,7,7,4,3,3,4,5
807,37,77,181,45,64,4,9,3,6,5,6,6,6,5,5,6,6,7
808,13,21,151,32,21,3,4,0,5,5,5,6,6,5,4,4,5,6
810,45,27,130,100,57,6,8,12,7,7,4,6,4,5,4,3,6,6
811,45,26,129,100,58,6,8,12,6,7,4,6,5,5,4,4,6,6
812,12,20,150,32,22,3,4,0,5,5,5,6,7,4,5,4,5,6
814,12,21,151,32,21,3,4,1,5,5,5,6,7,4,4,4,5,6
815,12,21,150,32,20,3,4,0,5,5,5,6,7,4,4,4,5,6
817,6,11,59,5,9,1,9,0,4,4,4,7,7,4,3,3,4,5
818,45,26,130,100,58,6,8,12,7,7,4,5,4,5,4,4,7,6
819,45,26,130,100,58,6,8,12,7,7,4,6,5,5,4,4,6,6
820,6,11,59,6,8,1,9,0,4,4,4,7,7,4,4,3,4,5
822,12,21,151,31,20,3,4,0,5,5,5,6,7,5,4,4,5,6
823,45,27,131,100,58,6,8,12,7,7,4,6,4,5,4,4,7,6
826,13,21,150,33,21,3,4,0,5,5,5,6,7,5,4,4,6,6
830,12,20,151,33,22,3,4,0,5,5,5,6,7,5,4,4,5,6
831,44,25,130,100,58,6,8,12,6,7,4,5,4,5,4,4,6,6
832,13,21,150,33,22,3,4,1,5,5,5,6,7,5,5,4,5,6
834,36,78,180,45,64,4,9,3,6,6,6,6,6,4,5,6,6,7
839,6,11,60,6,10,1,9,0,4,4,4,7,7,4,4,3,4,5
840,12,21,149,33,21,3,4,0,5,5,5,6,7,5,5,4,5,6
841,36,78,180,45,64,4,9,2,6,6,7,6,6,4,5,6,5,7
842,13,21,150,33,21,3,4,0,5,5,5,6,7,4,4,4,5,5
844,35,79,180,45,65,4,9,2,6,5,6,6,6,4,4,6,6,7
845,11,21,151,32,21,3,4,1,5,5,5,6,6,5,5,4,5,6
847,12,22,150,32,21,3,4,0,5,5,5,6,7,5,4,4,6,5
848,12,20,150,32,21,3,4,1,5,5,5,6,6,4,5,4,5,6
849,12,20,150,32,20,3,4,1,5,5,5,6,7,5,4,4,5,6
850,6,11,60,7,10,1,9,0,4,4,4,7,7,4,4,3,4,5
851,11,20,150,32,21,3,4,1,5,5,5,6,7,4,4,4,5,6
852,12,21,150,32,22,3,4,0,5,5,5,6,7,5,4,4,5,6
854,11,21,150,32,21,3,4,1,5,5,5,6,7,5,5,4,5,6
857,6,11,60,6,9,1,8,0,4,4,4,7,7,4,4,3,4,5
858,6,11,60,5,10,1,9,0,4,4,4,7,7,4,4,3,4,5
859,12,21,150,32,21,3,4,0,5,5,5,7,7,5,5,4,6,6
862,36,79,180,45,63,4,9,2,6,5,7,6,6,4,5,6,6,7
865,36,79,180,45,63,4,9,2,6,5,6,6,6,4,5,6,6,7
867,37,78,180,45,65,4,9,2,6,5,6,6,6,4,5,6,6,7
868,6,11,60,6,9,1,8,0,4,4,4,7,7,4,4,3,4,5
869,12,21,150,32,21,3,4,0,5,5,5,6,7,5,4,4,5,6
871,36,78,180,45,64,4,9,2,6,5,7,6,6,4,5,6,6,7
873,11,21,150,32,20,3,4,1,5,5,5,6,6,5,4,4,5,6
875,36,78,179,45,64,4,9,2,6,5,7,6,6,5,5,6,6,7
876,6,12,60,6,8,1,9,0,4,4,4,7,7,4,3,3,4,5
877,12,21,150,32,22,3,4,0,5,5,5,6,7,5,5,4,5,6
878,12,21,150,32,21,3,4,1,5,5,5,6,7,5,4,4,5,6
881,45,26,129,100,58,6,8,12,6,7,4,6,5,5,4,4,7,6
888,45,26,130,100,58,6,8,12,6,7,4,5,5,5,4,4,7,6
889,12,21,150,32,21,3,4,1,5,5,5,6,6,5,5,4,5,6
890,46,26,130,100,58,6,8,12,7,7,4,5,4,5,4,4,7,6
891,12,21,150,31,21,3,4,1,5,5,5,6,7,5,5,4,5,5
893,12,21,150,32,21,3,4,0,5,5,5,6,7,4,4,4,6,6
895,12,21,151,31,22,3,5,1,5,5,5,7,7,5,4,4,5,6
898,46,26,130,100,58,6,8,12,7,7,4,5,4,5,4,4,6,6
900,35,78,180,45,64,4,9,2,6,5,6,6,6,4,5,6,6,7
902,12,21,150,32,22,3,5,1,5,5,5,6,7,5,4,4,5,6
903,36,78,180,44,63,4,9,2,6,5,6,6,6,5,5,6,6,7
904,13,21,149,31,21,3,4,0,5,5,5,6,7,4,5,4,6,6
906,12,21,149,32,22,3,4,1,5,5,5,6,7,4,4,4,5,6
908,45,26,131,100,58,6,8,12,7,7,5,5,5,5,4,4,7,6
909,45,26,130,99,58,6,8,12,7,7,5,5,5,5,4,4,7,6
910,46,27,130,100,58,6,8,12,7,7,5,5,4,5,4,4,7,6
912,12,20,151,32,20,3,4,0,5,5,5,6,7,5,5,4,5,6
914,12,21,150,32,21,3,4,0,5,5,5,6,7,5,4,4,5,6
915,46,26,130,100,58,6,8,12,7,7,4,6,5,5,4,4,6,6
917,12,21,150,32,21,3,4,0,5,5,5,6,7,5,5,4,5,6
918,36,78,182,46,64,5,9,2,6,6,6,6,6,4,5,6,6,7
919,36,78,181,45,63,5,9,2,6,5,6,6,6,4,5,6,6,7
921,36,78,180,45,64,4,9,2,6,5,6,6,6,4,5,6,6,7
924,12,22,150,31,21,3,4,1,5,6,5,6,7,4,5,4,6,6
925,44,26,130,100,58,6,8,12,7,7,4,5,4,5,5,4,6,6
926,13,21,150,32,21,3,4,1,5,5,5,6,7,5,4,4,6,6
928,12,21,150,32,21,3,4,0,5,5,4,6,7,4,4,4,5,6
929,11,21,150,32,22,3,4,0,5,5,5,6,6,4,4,4,6,6
931,12,21,150,32,22,3,4,1,5,5,5,6,7,5,4,4,5,6
932,45,26,130,99,58,6,8,12,6,7,4,6,5,5,4,3,7,6
933,12,21,150,32,21,3,4,1,5,5,5,6,7,5,4,4,6,6
935,6,11,59,6,9,1,9,0,4,4,4,7,7,4,3,3,4,5
936,36,78,180,45,64,5,9,2,6,5,7,6,6,4,4,6,6,7
937,6,11,60,6,10,1,9,0,4,4,4,7,7,4,4,3,4,5
939,12,21,150,32,21,3,4,0,5,5,5,6,7,5,5,4,6,6
940,45,26,129,100,59,6,8,12,7,7,4,6,4,5,4,3,6,6
941,36,78,180,45,64,4,9,2,6,5,6,6,6,5,5,6,6,7
943,45,25,129,99,58,6,8,12,7,7,4,5,4,5,4,4,6,6
944,11,20,150,32,21,3,4,0,5,5,5,7,7,5,5,4,6,6
945,12,22,150,32,21,3,4,1,5,5,5,6,7,5,4,4,6,6
946,13,21,150,32,21,3,4,0,5,5,5,6,7,5,5,4,6,6
948,37,77,180,45,64,5,9,2,6,5,6,6,6,4,5,6,6,7
949,6,10,60,6,8,1,9,0,4,4,4,7,7,4,3,3,4,5
950,12,21,150,32,20,3,4,1,5,5,5,6,6,5,5,4,5,5
952,5,11,61,5,9,1,8,0,4,4,4,7,7,4,4,3,4,6
953,7,11,60,6,9,1,9,0,4,4,4,7,7,4,4,3,4,6
955,12,21,150,32,21,3,4,0,5,5,5,6,7,4,4,4,6,6
956,12,21,150,32,21,3,4,0,5,5,5,6,7,4,4,4,5,6
959,44,26,131,100,57,6,8,12,7,7,4,6,4,5,4,4,6,6
960,7,11,61,6,9,1,9,0,4,4,4,7,7,4,4,3,4,5
961,36,78,179,44,64,4,9,2,6,6,6,6,6,4,4,6,6,7
962,36,78,180,44,64,4,9,2,6,6,6,6,6,4,5,6,6,7
963,7,11,60,6,9,1,8,0,4,4,4,7,7,4,4,3,4,5
967,36,78,180,45,63,4,9,2,6,6,7,6,6,4,5,6,6,7
968,12,21,151,32,21,3,4,1,5,5,5,6,7,5,5,4,5,6
969,6,11,60,6,9,1,9,0,4,4,4,7,7,4,3,3,4,5
970,12,22,149,32,21,3,4,1,5,5,5,6,6,5,5,4,5,6
971,45,26,130,100,58,6,8,12,7,7,4,5,4,5,4,4,6,6
972,12,20,150,32,21,3,4,1,5,5,5,6,7,5,5,4,5,6
973,12,21,151,32,21,3,5,1,5,5,5,6,7,4,4,4,6,6
975,36,78,180,44,64,4,9,2,6,6,6,6,6,5,5,6,6,7
976,12,21,151,33,21,3,4,0,5,5,5,6,7,5,4,4,5,6
981,13,21,150,32,21,3,4,0,5,5,5,6,6,5,5,4,5,6
983,12,21,149,32,21,3,4,1,5,5,5,6,7,5,5,4,5,5
984,6,11,59,5,9,1,9,0,4,3,4,7,7,4,4,3,4,6
985,12,21,150,31,22,3,4,1,5,5,5,6,7,5,5,4,5,6
986,13,21,150,32,21,3,4,1,5,5,5,6,7,5,4,4,5,6
987,12,21,150,33,21,3,4,1,5,5,5,6,7,5,5,4,6,6
989,12,21,149,32,21,3,4,0,5,5,5,6,7,5,4,4,6,6
990,12,21,150,32,21,3,4,1,5,5,5,6,7,4,5,4,6,6
997,36,78,181,45,64,5,9,2,6,5,6,6,6,4,5,6,6,7
999,36,78,180,45,64,5,9,2,6,5,6,6,6,4,5,6,6,7
1000,45,26,130,100,58,6,8,12,7,7,4,6,5,5,4,4,6,6
1001,36,77,180,46,63,4,9,2,6,5,6,6,6,4,5,6,6,7
1002,12,21,150,32,21,3,4,0,5,5,5,6,7,4,4,4,5,6
1003,11,21,149,33,21,3,4,1,5,5,5,6,7,4,5,4,5,5
1005,12,22,151,32,21,3,4,0,5,5,5,6,7,4,4,4,5,6
1007,12,21,149,32,22,3,4,0,5,5,5,6,7,5,5,4,5,5
1009,36,78,180,45,65,4,9,2,6,5,7,6,6,4,4,6,6,7
1010,12,20,150,31,20,3,4,1,5,5,5,6,7,5,5,4,5,6
1011,5,10,60,6,8,1,9,0,4,4,4,7,7,4,4,3,4,5
1014,36,79,181,45,65,4,9,2,6,6,6,6,6,4,4,6,6,7
1015,36,79,179,45,64,4,9,3,6,6,6,6,6,4,5,6,6,7
1016,13,21,150,32,21,3,4,1,5,5,5,6,7,5,5,4,5,6
1017,6,11,60,6,9,1,8,0,4,4,4,7,7,4,4,3,4,5
1019,13,21,151,32,21,3,4,0,5,5,5,6,7,5,5,4,6,6
1020,12,21,150,32,22,3,4,1,5,5,5,6,7,5,5,4,5,6
1021,12,21,150,33,21,3,4,0,5,5,5,6,6,5,4,4,6,6
1023,12,21,150,32,21,3,4,1,5,5,5,6,7,5,5,4,5,6
1024,12,21,150,32,21,3,4,1,5,5,5,6,7,5,5,4,5,6
1025,12,22,150,32,22,3,4,1,5,5,5,6,6,4,5,4,5,6
1027,5,11,60,6,9,1,8,0,4,4,4,7,7,4,4,3,4,5
1029,12,21,151,32,21,3,4,1,5,5,5,6,7,5,4,4,5,6
1033,35,77,180,44,64,4,9,2,6,6,6,6,6,4,5,6,6,7
1034,6,11,60,6,9,1,9,0,4,4,4,7,7,4,3,3,4,5
1036,12,21,150,32,21,3,4,0,5,5,5,6,7,5,5,4,6,6
1040,6,11,59,6,9,1,9,0,4,4,4,7,7,4,4,3,4,5
1041,12,22,150,33,21,3,4,1,5,5,5,6,7,5,5,4,6,6
1042,12,21,149,32,21,3,4,0,5,5,5,6,7,5,4,4,5,6
1044,12,21,150,31,21,3,4,0,5,5,5,6,7,4,4,4,5,6
1048,7,12,60,6,9,1,9,0,4,4,4,7,7,4,4,3,4,5
1051,5,11,60,6,9,1,9,0,4,4,4,7,7,4,3,3,4,5
1052,6,11,60,5,9,1,8,0,4,4,4,7,7,4,4,3,4,5
1053,36,78,180,45,64,4,9,2,6,5,6,5,6,4,5,6,6,7
1054,5,11,60,6,8,1,8,0,4,4,4,7,7,4,3,3,4,5
1055,13,21,150,31,21,3,4,0,5,5,5,6,7,4,4,4,6,5
1058,35,79,180,46,64,4,9,2,6,5,6,6,6,4,5,6,6,7
1060,12,21,150,32,21,3,5,1,5,5,5,6,7,4,5,4,6,6
1061,13,21,150,32,21,3,4,0,5,5,5,6,7,5,4,4,6,6
1062,6,11,60,6,9,1,9,0,4,4,4,7,7,4,3,3,4,5
1063,37,78,181,44,64,5,9,2,6,6,6,6,6,4,4,6,6,7
1065,45,26,129,100,58,6,8,12,7,7,5,5,5,5,4,4,6,6
1067,45,26,130,99,58,6,8,12,7,7,4,5,4,5,4,4,6,6
1070,6,11,60,6,9,1,9,0,4,3,4,7,7,4,4,3,4,5
1071,6,11,61,6,9,1,8,0,4,4,4,7,7,4,4,3,4,5
1073,12,21,150,31,20,3,4,0,5,5,5,6,7,5,4,4,5,6
1075,35,77,179,45,64,4,9,2,6,5,6,6,6,5,4,6,6,7
1076,36,78,180,46,64,4,9,2,6,5,6,6,6,5,5,6,6,7
1080,6,10,60,6,9,1,9,0,4,4,4,7,7,3,4,3,4,5
1081,6,11,60,6,9,1,8,0,4,4,4,7,7,4,4,3,4,5
1083,36,78,180,46,64,4,9,2,6,6,6,6,6,5,4,6,6,7
1085,13,20,150,32,21,3,4,0,5,5,5,6,7,5,4,4,5,6
1086,12,20,150,32,21,3,4,0,5,5,5,6,7,5,4,4,5,6
1087,12,20,150,32,21,3,4,0,5,5,5,6,7,5,5,4,5,6
1088,36,78,181,44,64,5,9,2,6,5,6,6,6,4,4,6,6,7
1090,36,78,180,45,65,4,9,2,6,5,6,6,6,4,5,6,6,7
1092,11,21,150,32,22,3,4,0,5,5,5,6,7,5,4,4,5,6
1093,12,21,150,33,21,3,4,0,5,5,5,7,7,5,5,4,6,6
1094,12,21,151,33,21,3,4,0,5,5,5,6,7,5,4,4,5,5
1095,6,11,60,6,9,1,9,0,4,4,4,7,7,4,4,3,4,5
1097,45,27,131,100,58,6,8,12,6,7,5,6,5,5,4,4,7,6
1099,12,21,150,32,21,3,4,1,5,5,4,7,7,5,4,4,6,6
1102,6,11,60,6,8,1,8,0,4,4,4,7,7,4,3,3,4,5
1103,13,21,149,31,21,3,4,1,5,5,5,6,7,5,4,4,5,6
1104,12,21,150,31,21,3,4,1,5,5,4,6,6,4,5,4,5,6
1105,12,21,150,32,20,3,4,1,5,5,5,7,7,5,4,3,5,6
1106,37,78,180,45,64,4,9,2,6,6,6,6,6,4,5,6,6,7
1107,13,21,151,32,21,3,4,0,5,5,5,6,7,4,5,4,5,5
1109,12,21,150,32,21,3,4,0,5,5,5,6,7,4,4,4,5,6
1110,7,11,61,5,9,1,9,0,4,4,4,7,7,4,3,3,4,5
1112,11,21,150,32,21,3,4,1,5,5,5,6,7,5,5,4,6,6
1114,36,79,180,45,64,4,9,2,6,6,6,6,6,4,5,6,6,7
1115,6,11,60,6,8,1,9,0,4,4,4,7,7,4,4,3,4,5
1116,12,22,150,31,22,3,4,1,5,5,5,6,7,5,5,4,5,6
1117,12,21,150,32,21,3,4,1,5,5,5,6,7,5,4,4,6,6
1118,44,26,131,100,58,6,8,12,7,7,4,5,4,5,4,4,6,6
1119,36,78,179,45,64,4,9,2,6,5,7,6,6,4,5,6,6,7
1120,45,26,130,99,59,6,8,12,6,7,5,5,4,5,4,3,7,6
1121,6,11,60,6,9,1,9,0,4,4,4,7,7,4,3,3,4,5
1124,12,21,151,32,21,3,4,0,5,5,5,6,7,5,5,4,5,6
1127,36,79,179,46,64,5,9,2,6,6,6,6,6,4,5,6,6,6
1128,36,78,180,45,64,4,9,2,6,6,7,6,6,4,5,6,6,6
1129,12,21,150,32,21,3,4,1,5,5,5,6,7,5,5,4,6,6
1131,12,20,150,33,21,3,4,0,5,5,5,7,7,5,5,4,5,6
1132,6,11,60,6,8,1,8,0,4,4,4,7,7,4,4,3,4,5
1133,36,79,180,44,63,4,9,2,6,6,6,6,6,5,5,6,6,7
1134,36,78,181,45,64,5,9,2,6,6,6,6,6,4,5,6,6,7
1135,45,26,131,99,57,6,8,12,7,7,5,6,4,5,4,4,7,6
1137,6,11,60,6,10,1,9,0,4,4,4,7,7,4,4,3,4,5
1139,12,21,150,31,21,3,4,1,5,5,5,6,6,5,5,4,5,6
1141,12,21,150,32,21,3,4,1,5,5,5,6,7,5,5,4,5,6
1142,6,11,60,6,9,1,9,0,4,4,4,7,7,4,4,3,4,5
1143,45,26,130,100,59,6,8,12,7,7,4,5,4,5,4,4,7,6
1144,12,21,150,31,21,3,4,1,5,5,5,6,7,5,5,4,5,6
1145,12,20,149,32,21,3,4,1,5,5,5,6,7,5,5,4,5,6
1146,45,26,130,100,58,6,8,12,7,7,4,6,5,5,4,4,6,6
1148,6,11,60,6,9,1,9,0,4,4,4,7,7,4,3,3,4,5
1149,13,21,150,32,21,3,4,0,5,5,5,6,7,4,5,4,5,6
1150,36,78,181,45,64,4,9,3,6,6,6,6,6,4,5,7,6,7
1152,12,21,150,32,21,3,4,1,5,5,5,6,7,5,4,4,6,5
1153,12,22,150,32,21,3,4,1,5,5,5,6,6,5,5,4,5,6
1154,12,20,150,33,21,3,4,1,5,5,5,6,7,5,4,4,5,6
1156,12,21,150,32,21,3,4,1,5,5,5,6,7,5,4,4,5,6
1157,13,21,150,32,21,3,4,0,5,5,5,6,7,5,4,4,6,6
1159,12,21,151,32,21,3,4,0,5,5,5,6,7,5,4,4,6,6
1162,12,21,150,32,21,3,4,1,5,5,5,6,7,5,4,4,5,6
1163,13,21,150,32,21,3,4,0,5,5,5,7,7,5,5,4,5,5
1166,37,77,180,45,64,4,9,3,6,6,6,6,6,4,5,6,6,7
1168,36,78,180,45,64,4,9,2,6,5,6,6,6,4,5,6,6,7
1169,36,78,180,45,63,5,9,2,6,6,6,6,6,5,5,6,6,7
1173,36,77,179,45,63,5,9,2,6,5,6,5,6,4,5,6,6,7
1174,36,78,179,45,64,5,9,3,6,6,6,6,6,4,5,6,6,7
1175,36,78,180,46,64,4,9,2,6,6,6,6,6,4,5,6,6,7
1177,45,27,130,100,58,6,8,12,6,7,4,6,4,5,4,4,6,6
1178,36,79,179,45,64,4,9,2,6,6,6,6,6,4,5,6,6,7
1179,12,21,150,32,21,3,4,1,5,5,5,6,7,4,5,3,5,6
1180,6,11,60,6,9,1,9,0,4,4,4,7,7,4,4,3,4,5
1182,46,27,130,99,58,6,8,12,6,7,5,5,4,5,4,4,7,6
1185,6,11,61,6,8,1,9,0,4,4,4,7,7,4,3,3,4,5
1187,6,10,60,6,9,1,9,0,4,4,4,7,7,4,4,3,4,5
1188,45,27,130,100,59,6,8,12,7,7,4,5,5,5,4,4,6,6
1190,35,78,180,46,64,4,9,2,6,6,7,6,6,4,5,6,6,7
1191,45,26,131,100,58,5,8,12,7,7,4,5,4,5,4,3,7,6
1194,45,25,130,100,58,6,8,12,7,7,5,6,4,5,4,4,6,6
1195,44,26,130,100,58,6,8,12,6,7,4,5,4,5,4,4,6,6
1196,45,26,130,100,58,6,8,12,7,7,5,6,4,5,4,3,6,6
1198,7,12,59,6,9,1,9,0,4,4,4,7,7,4,4,3,4,5
1199,12,21,150,32,21,3,4,0,5,5,5,6,7,4,5,4,5,6
1201,12,21,150,32,21,3,4,0,5,5,5,6,6,4,4,4,5,6
1202,36,78,180,45,64,4,9,2,6,6,6,6,6,4,4,6,6,7
1203,12,21,150,32,21,3,4,0,5,5,5,6,7,5,5,4,5,5
1204,12,22,150,32,21,3,4,1,5,5,5,6,6,5,4,4,5,5
1206,12,21,150,33,20,3,4,0,5,5,5,6,7,5,5,4,6,5
1207,45,26,130,100,58,6,8,12,6,7,4,6,4,5,4,4,6,6
1208,6,10,60,6,9,1,9,0,4,4,4,7,7,4,4,3,4,5
1209,13,21,150,33,20,3,4,0,5,5,5,6,7,5,4,4,5,6
1210,35,78,180,45,64,4,9,2,6,6,6,6,6,4,5,6,6,7
1211,12,21,150,33,20,3,4,0,5,5,5,6,6,4,4,4,5,6
1213,36,78,180,45,64,5,9,2,6,6,7,6,6,4,5,6,6,7
1215,36,77,180,45,64,4,9,3,6,5,6,6,6,4,4,6,6,7
1217,12,21,150,33,21,3,4,0,5,5,5,6,7,5,4,4,5,6
1218,36,77,180,46,64,4,9,2,6,6,6,6,6,4,5,6,6,7
1220,6,11,60,7,10,1,9,0,4,4,4,7,7,4,4,3,4,5
1222,12,21,150,32,21,3,4,0,5,5,5,6,7,4,4,4,6,6
1223,11,21,150,32,21,3,4,1,5,5,5,6,7,5,4,4,5,5
1224,7,11,60,5,9,1,8,0,4,4,4,7,7,4,4,3,4,5
1225,12,21,150,32,22,3,5,1,5,6,5,6,7,5,5,4,6,6
1226,6,12,60,6,8,1,9,0,4,4,4,7,7,4,4,3,4,5
1227,12,20,151,33,21,3,5,1,5,5,5,6,7,5,5,4,5,6
1228,12,22,150,33,21,3,5,0,5,5,5,6,6,4,5,4,5,5
1229,44,25,130,100,59,6,8,12,7,7,5,5,4,5,4,4,7,6
1230,12,21,149,32,21,3,4,0,5,5,4,6,7,5,5,4,6,6
1231,12,21,150,32,21,3,4,1,5,5,5,6,7,5,4,4,5,6
1232,12,21,150,32,22,3,4,0,5,5,5,6,7,5,5,4,6,6
1233,36,78,180,45,64,4,9,3,6,6,6,6,6,4,5,6,6,7
1235,12,21,150,32,21,3,4,1,5,5,5,6,7,5,4,4,6,6
1237,36,78,179,45,64,4,9,2,6,5,6,6,6,4,5,6,6,7
1239,11,22,150,32,20,3,4,1,5,5,5,6,7,5,4,4,5,6
1240,36,78,180,45,64,4,9,2,6,5,6,6,6,4,5,6,6,7
1242,12,21,150,32,21,3,4,1,5,5,5,6,7,5,4,4,5,6
1244,13,21,150,32,21,3,4,0,5,5,5,6,7,5,5,4,6,6
1246,36,78,179,45,64,4,9,2,6,6,6,6,6,5,5,6,6,7
1247,12,21,150,32,21,3,4,1,5,5,5,6,7,5,4,4,6,6
1248,12,22,150,32,21,3,4,0,5,5,5,6,7,5,4,4,5,6
1250,11,21,150,31,22,3,4,0,5,5,5,6,7,4,5,4,6,6
1251,12,22,150,31,20,3,4,0,5,5,5,7,7,4,4,4,5,6
1252,12,20,150,32,20,3,4,1,5,5,5,6,7,4,4,4,5,5
1253,12,21,151,32,20,3,4,1,5,5,5,6,7,4,5,4,6,5
1255,36,78,180,45,63,4,9,2,6,5,6,6,6,4,4,6,6,7
1256,37,79,179,45,64,4,8,2,6,6,6,6,6,4,5,6,6,7
1257,13,21,150,33,20,3,4,1,5,5,5,6,7,5,4,4,5,6
1258,13,21,151,32,21,3,4,1,5,5,5,6,7,5,4,4,6,6
1260,12,21,151,32,21,3,4,0,5,5,5,6,7,5,5,4,6,6
1261,37,78,180,44,63,4,9,2,6,5,6,6,6,4,5,6,6,7
1262,12,22,150,32,21,3,5,1,5,5,5,7,7,5,5,4,5,6
1264,36,78,181,45,64,5,9,2,6,5,6,6,6,4,4,6,6,7
1267,6,11,59,6,9,1,9,0,4,4,4,7,7,3,4,3,4,5
1269,13,21,150,32,21,3,4,0,5,5,5,6,7,5,4,4,5,5
1271,11,21,150,33,22,3,4,0,5,5,5,6,7,5,4,4,5,6
1274,12,21,150,32,21,3,4,0,5,5,5,6,7,4,4,4,5,6
1275,12,22,150,32,21,3,4,0,5,5,5,6,7,5,4,4,5,6
1276,6,11,60,6,9,1,9,0,4,4,4,7,7,4,4,3,4,5
1278,12,20,151,32,21,3,4,1,5,5,5,6,7,5,5,4,5,6
1279,7,11,60,6,9,1,9,0,4,4,4,7,7,4,4,3,4,5
1280,45,26,130,100,58,6,8,12,7,7,4,5,4,5,4,4,7,6
1281,6,11,60,6,9,1,8,0,4,4,4,7,7,4,4,3,4,6
1283,12,21,150,33,20,3,4,0,5,5,5,6,7,5,5,4,5,5
1284,35,78,181,45,64,4,9,3,6,6,7,6,6,4,5,6,6,7
1285,36,78,180,45,64,4,9,2,6,5,6,6,6,5,5,6,6,7
1286,13,21,150,33,21,3,4,1,5,5,5,6,7,5,5,4,5,6
1287,12,21,149,32,21,3,4,1,5,5,5,6,7,5,4,4,5,5
1292,6,12,60,6,9,1,9,0,4,4,4,7,7,4,4,3,4,5
1293,12,21,150,32,21,3,4,1,5,5,5,7,6,5,5,4,5,6
1296,36,79,180,46,64,4,9,2,6,6,6,6,6,4,5,6,6,7
1298,6,11,60,6,9,1,9,0,4,4,4,7,7,4,4,3,4,5
1299,12,21,150,32,21,3,4,1,5,5,5,6,7,5,4,4,5,6
1300,5,11,60,6,9,1,8,0,4,4,4,7,7,4,4,3,4,5
1304,12,21,150,33,21,3,4,1,5,5,5,6,7,4,4,4,6,6
1305,12,21,150,32,21,3,4,1,5,5,5,6,7,5,4,4,5,5
1306,45,26,130,100,58,6,8,12,6,7,4,5,4,5,4,4,7,6
1307,45,27,130,99,58,6,8,12,7,7,4,6,4,5,4,4,7,6
1308,12,21,150,33,20,3,4,0,5,5,4,6,7,4,4,4,5,6
1309,6,11,60,7,9,1,9,0,4,4,5,7,7,4,3,3,4,5
1310,11,21,150,33,21,3,4,0,5,5,5,6,7,4,5,4,5,6
1311,12,21,150,33,21,3,5,1,5,5,5,6,7,5,4,4,5,6
1312,12,21,150,32,21,3,4,0,5,5,5,6,7,5,5,4,5,6
1314,45,26,130,100,58,6,8,12,7,7,4,5,4,5,4,4,6,6
1316,45,26,130,100,58,6,8,12,7,6,4,6,4,5,4,4,7,6
1317,12,21,150,32,21,3,4,1,5,5,5,6,7,4,5,4,5,6
1321,7,12,60,6,9,0,9,0,4,4,4,7,7,4,3,3,4,5
1323,11,21,150,32,21,3,4,1,5,5,5,6,7,5,5,4,5,6
1325,12,21,150,31,21,3,4,0,5,5,5,6,7,5,5,4,5,6
1326,12,22,150,32,21,3,4,1,5,5,5,6,7,5,5,4,5,6
1327,36,78,179,45,64,4,9,2,6,6,6,6,6,5,5,6,6,7
1329,36,78,180,45,65,5,9,2,6,5,6,6,6,4,5,6,6,7
1330,35,78,180,45,64,4,9,2,6,6,6,6,6,4,5,6,6,7
1331,12,20,150,32,22,3,4,0,5,5,5,6,6,5,4,4,6,6
1332,13,21,150,32,22,3,4,1,5,6,5,6,7,5,5,4,5,6
1333,36,78,180,45,64,4,9,2,6,6,6,6,6,5,5,6,6,7
1334,12,21,151,32,21,3,4,0,5,5,5,6,7,5,4,4,5,6
1336,13,21,150,32,21,3,5,1,5,5,5,6,6,5,4,4,5,6
1338,6,12,59,6,9,1,9,0,4,4,4,7,7,4,4,3,4,5
1340,12,20,150,32,21,3,4,0,5,5,5,6,7,4,4,4,6,6
1342,36,79,180,46,64,4,9,2,6,6,6,6,6,4,5,6,6,7
1343,36,78,180,46,63,4,9,2,6,5,6,6,6,4,4,6,6,7
1345,12,21,150,31,21,3,4,1,5,5,5,6,7,5,5,4,5,5
1346,36,78,180,44,65,4,9,2,6,5,6,6,6,5,5,6,5,7
1350,12,21,150,32,21,3,4,0,5,5,5,6,7,5,4,4,5,6
1351,11,21,150,32,22,3,4,1,5,5,5,6,7,5,4,4,5,6
1352,35,78,180,45,65,5,9,2,6,6,7,6,6,4,5,6,6,7
1354,12,21,149,32,21,3,4,1,5,6,5,6,7,5,4,4,6,5
1355,13,22,149,32,20,3,4,0,5,5,5,6,7,5,4,4,5,6
1356,37,79,180,45,64,4,9,2,6,6,6,6,6,4,4,6,6,7
1357,45,26,131,100,58,6,8,12,7,7,4,6,5,5,4,4,7,6
1358,13,21,150,32,22,3,4,0,5,5,5,6,7,4,4,3,5,6
1360,37,79,180,45,64,4,9,2,6,5,6,6,6,4,5,6,6,7
1362,12,21,151,32,21,3,4,1,5,5,5,6,7,4,5,4,6,6
1363,7,12,59,6,8,1,9,0,4,4,4,7,7,4,4,3,4,5
1364,6,11,60,6,9,1,9,0,4,4,4,7,7,4,4,3,4,5
1365,7,11,59,6,9,1,9,0,4,4,4,7,7,4,4,3,4,5
1366,11,20,151,32,21,3,4,0,5,5,5,6,7,5,5,4,6,6
1368,12,20,150,32,22,3,4,1,5,5,5,6,7,5,4,4,5,6
1370,11,21,150,32,21,3,4,1,5,5,5,6,7,5,4,4,6,5
1371,36,78,180,45,64,5,9,2,6,5,6,6,6,5,5,6,6,7
1372,12,21,150,32,21,3,4,0,5,5,5,6,7,5,4,4,5,6
1375,12,20,150,32,21,3,4,0,5,5,5,6,7,5,5,4,5,6
1377,12,21,150,31,21,3,4,0,5,5,5,6,7,5,4,4,5,5
1379,37,78,180,45,64,4,9,2,7,6,7,6,6,4,5,6,6,7
1380,12,22,150,31,21,3,4,1,5,5,5,6,6,4,5,4,5,6
1381,45,25,130,99,58,6,8,12,7,7,4,6,4,5,4,4,7,6
1382,12,21,150,32,21,3,4,0,5,5,5,6,7,5,4,4,5,6
1383,45,26,131,100,58,6,8,12,7,7,4,6,4,5,4,4,7,6
1387,45,25,130,100,58,6,8,12,7,7,5,5,4,5,4,3,7,6
1392,12,21,150,32,20,3,5,1,5,5,5,6,7,4,5,4,6,5
1393,36,78,180,45,63,4,9,2,6,6,7,6,6,5,5,6,6,7
1394,46,25,131,100,59,6,8,12,6,7,4,6,5,5,4,3,7,6
1395,12,21,151,33,21,3,4,0,5,5,5,6,7,4,4,4,5,6
1396,12,22,150,32,21,3,4,0,5,5,5,6,7,5,5,4,6,6
1399,45,26,130,100,58,6,8,12,7,7,5,5,4,5,4,4,7,6
1402,6,12,60,6,8,1,9,0,4,4,4,7,7,4,4,3,4,5
1403,12,21,149,32,21,3,5,0,5,5,5,6,7,4,4,4,6,5
1408,12,21,150,32,21,3,4,1,5,5,5,6,7,4,4,4,5,6
1409,36,78,180,45,64,4,9,2,6,6,7,6,6,4,4,6,6,7
1411,6,11,61,6,10,1,9,0,4,4,4,7,7,4,4,3,4,5
1414,12,21,150,31,21,3,4,0,5,5,5,6,7,5,4,4,5,6
1415,6,11,60,6,9,1,9,0,4,4,4,7,7,4,4,3,4,5
1416,36,78,180,45,63,4,9,2,6,5,6,6,6,4,4,6,6,7
1417,13,22,149,31,21,3,4,1,5,5,5,6,7,5,4,4,5,6
1419,6,11,59,7,9,1,9,0,4,4,4,7,7,4,4,3,4,5
1420,37,78,180,45,64,4,9,2,6,6,6,6,6,4,5,6,6,7
1424,12,22,150,32,21,3,4,1,5,5,5,7,7,5,4,4,5,6
1425,7,11,61,7,10,1,9,0,4,4,4,7,7,4,4,3,4,5
1426,12,20,150,32,21,3,4,1,5,5,5,6,7,5,4,4,6,6
1427,12,21,150,31,21,3,4,1,5,5,5,6,7,5,5,4,6,6
1428,12,22,150,32,21,3,4,1,5,5,5,6,6,4,4,4,5,6
1429,12,21,150,32,21,3,4,0,5,5,5,6,7,5,4,4,5,6
1430,12,21,150,32,21,3,4,1,5,5,5,6,7,5,4,4,6,5
1431,45,27,129,99,58,6,8,12,7,6,4,6,5,5,4,4,7,6
1432,45,26,131,100,57,6,8,12,6,7,4,5,5,5,4,4,7,6
1433,12,21,150,32,20,3,4,1,5,5,5,6,7,5,4,4,5,6
1434,11,21,150,31,21,3,4,0,5,5,5,7,7,5,5,4,5,6
1435,11,21,151,32,21,3,5,1,5,5,5,6,7,4,4,4,5,6
1436,36,78,180,44,64,5,9,2,6,5,7,6,6,4,5,6,6,7
1437,6,11,61,6,9,1,9,0,4,4,4,7,7,4,4,3,4,5
1438,45,27,130,100,57,6,8,12,7,7,4,5,4,5,4,4,7,6
1440,12,21,150,33,22,3,4,1,5,5,5,6,7,5,5,4,6,6
1441,7,11,60,6,8,1,9,0,4,4,4,6,7,4,4,3,4,5
1443,44,26,131,100,58,6,8,12,7,7,4,5,4,5,4,4,7,6
1445,12,21,149,32,21,3,4,1,5,5,5,6,7,5,4,4,5,6
1446,6,11,59,6,9,1,9,0,4,4,4,7,7,4,4,3,4,5
1448,36,79,180,45,65,5,9,2,6,6,7,5,6,5,4,6,6,7
1450,12,20,150,33,21,3,5,1,5,5,5,6,7,5,4,4,5,6
1451,36,78,180,46,64,5,9,2,6,6,6,6,6,4,4,6,6,7
1452,6,11,60,5,8,1,9,0,4,4,4,7,7,4,4,3,4,5
1453,12,21,150,32,21,3,4,1,5,5,5,6,7,5,5,4,6,5
1455,45,26,130,100,57,6,8,12,7,7,5,6,5,5,4,4,7,6
1456,13,21,150,32,21,3,4,0,5,5,5,6,7,5,5,4,5,6
1457,12,22,149,32,21,3,4,0,5,5,5,6,7,5,5,4,6,5
1458,12,21,151,32,21,3,4,0,5,5,5,6,7,5,5,4,5,6
1459,6,11,60,6,9,1,9,0,4,4,4,7,7,4,3,3,4,5
1461,44,26,130,100,58,6,8,12,7,7,5,5,4,5,4,3,7,6
1462,6,11,61,6,9,1,8,0,4,4,4,7,7,4,4,3,4,5
1463,12,21,149,31,21,3,4,1,5,5,5,6,7,5,5,4,5,5
1464,7,11,60,6,9,1,9,0,4,4,4,7,7,4,4,2,4,5
1465,5,11,60,5,9,1,9,0,4,4,4,7,7,4,4,3,4,5
1466,36,77,180,45,64,4,9,2,6,6,7,6,6,4,5,6,6,7
1467,12,21,150,31,20,3,4,0,5,5,5,6,7,5,4,4,5,6
1468,45,26,130,100,58,6,8,12,7,7,4,5,4,5,4,4,7,6
1469,36,78,180,46,64,4,9,2,6,5,6,6,6,4,5,6,6,7
1471,12,21,150,32,21,4,4,0,5,5,5,6,7,5,5,4,5,6
1472,45,26,130,100,58,6,8,12,6,7,4,5,5,5,4,4,7,6
1473,36,79,180,45,63,5,9,2,6,5,6,6,6,4,5,6,6,7
1474,35,78,180,45,65,4,9,3,6,5,6,6,6,4,4,6,6,7
1476,12,21,150,32,21,3,5,0,5,5,5,6,7,4,5,4,6,5
1477,13,21,149,32,22,3,4,0,5,5,5,6,7,4,5,4,5,6
1478,37,77,180,45,64,4,9,2,6,5,6,6,6,5,5,6,6,7
1480,36,77,181,44,63,4,9,2,6,5,6,6,6,4,5,6,6,7
1482,6,11,61,6,9,1,9,0,4,4,4,7,7,4,4,3,4,5
1484,11,21,150,32,21,3,4,0,5,5,5,6,7,5,5,4,5,6
1485,12,22,150,33,21,3,4,0,5,5,5,6,6,4,4,4,5,6
1486,6,11,60,5,9,1,8,0,4,4,4,7,7,4,3,3,4,5
1487,36,78,180,45,64,4,9,2,6,6,6,6,6,5,5,6,6,7
1489,6,11,59,6,8,1,8,0,4,4,4,7,7,4,4,3,4,5
1492,12,21,150,32,21,3,4,1,5,5,5,6,7,5,5,4,5,6
1493,12,21,151,31,21,3,4,1,5,5,5,6,7,5,4,4,5,5
1495,36,78,179,45,64,5,9,2,6,5,6,6,6,4,5,6,6,7
1497,6,11,60,6,10,1,8,0,4,4,4,7,7,4,4,3,4,5
1499,6,10,60,6,9,1,9,0,4,4,4,7,7,4,4,3,4,5
1501,12,21,149,32,23,3,5,1,5,5,5,6,7,5,4,4,5,6
1506,6,11,59,6,9,1,8,0,4,4,4,7,7,4,4,3,4,5
1507,6,11,61,6,9,1,8,0,4,4,4,7,7,4,4,3,4,5
1508,45,26,129,100,58,6,8,12,6,7,4,6,4,5,4,3,7,6
1509,7,11,60,6,9,1,9,0,3,4,4,7,7,4,4,3,4,5
1512,36,78,180,46,64,4,9,2,6,5,6,6,6,4,4,6,6,7
1513,7,11,60,6,8,1,9,0,4,4,4,7,7,4,4,3,4,5
1515,12,21,150,32,21,3,4,0,5,5,5,6,7,5,5,4,5,6
1516,6,10,60,7,9,1,9,0,4,4,4,7,7,4,3,3,4,5
1517,12,21,151,32,21,3,4,1,5,5,5,6,6,5,4,4,5,6
1518,6,10,60,5,9,1,9,0,4,4,4,7,7,4,4,3,4,5
1519,36,78,181,44,64,4,9,2,6,6,6,6,6,4,5,6,6,7
1520,12,21,150,32,21,3,5,1,5,5,5,6,7,5,5,4,6,6
1521,36,77,180,45,63,5,9,2,6,5,6,6,6,4,5,6,6,7
1523,5,11,60,5,9,1,9,0,4,4,4,7,7,4,4,3,4,5
1525,12,20,150,32,21,3,4,1,5,5,5,6,7,4,4,4,5,6
1527,45,26,130,100,57,6,8,12,7,7,4,6,4,5,4,4,7,6
1530,13,22,150,32,21,3,5,1,5,5,5,6,7,5,5,4,6,6
1532,44,26,130,100,58,6,8,12,7,7,4,5,4,5,4,4,6,6
1535,36,78,181,44,65,4,9,2,6,6,6,6,6,5,4,6,6,6
1538,12,21,150,32,21,3,4,1,5,5,5,6,7,5,5,4,5,6
1539,12,21,150,32,21,3,5,0,5,5,5,6,7,5,5,4,5,6
1544,35,78,180,45,65,5,8,2,6,6,7,6,6,4,5,6,6,7
1545,12,22,150,33,21,3,4,1,5,5,5,6,7,5,4,4,5,6
1546,12,22,150,32,21,3,4,0,5,5,5,6,6,5,5,4,5,6
1547,36,78,179,45,64,4,9,3,6,5,6,6,6,4,5,6,6,7
1549,36,78,181,45,64,4,9,2,6,5,6,6,6,4,5,6,6,7
1550,6,11,60,5,9,1,9,0,4,4,4,7,7,4,3,3,4,5
1551,35,78,180,45,64,4,9,2,6,6,6,6,6,5,5,6,6,7
1552,12,20,151,32,20,3,4,0,5,5,5,7,7,5,4,4,6,6
1553,36,78,180,45,65,4,9,2,6,5,6,6,6,5,5,6,6,7
1555,12,21,150,32,21,3,4,0,5,5,5,6,7,5,4,4,6,6
1556,6,10,61,6,9,1,8,0,4,4,4,7,7,4,4,3,4,5
1558,7,11,61,5,9,1,8,0,4,4,4,7,7,4,4,3,4,5
1559,45,27,130,100,58,6,8,12,7,7,4,6,5,5,4,3,6,6
1560,36,79,180,45,65,4,9,2,6,6,7,6,6,4,5,6,6,7
1561,45,26,130,100,58,6,8,12,6,7,4,6,4,5,4,4,6,6
1563,46,25,130,100,58,6,8,12,7,7,5,5,5,5,4,3,7,6
1564,12,21,150,33,21,3,4,1,5,5,5,6,7,4,5,4,6,5
1565,12,21,149,32,21,3,4,0,5,5,5,6,7,4,5,4,5,6
1566,12,21,151,32,21,3,4,1,5,5,5,6,7,4,4,4,5,6
1567,36,78,180,45,63,4,9,2,6,5,6,6,6,5,5,6,6,7
1569,36,78,180,45,64,5,9,2,6,6,7,6,6,4,5,6,6,7
1570,36,78,180,45,64,4,9,2,6,5,6,6,6,4,5,6,6,7
1572,12,21,150,32,21,3,4,1,5,5,5,6,7,5,5,4,5,5
1574,12,22,150,33,21,3,4,1,5,5,5,6,7,5,4,4,5,6
1577,45,26,130,100,58,6,8,12,7,6,4,5,4,5,4,4,6,6
1578,12,20,150,31,20,3,4,0,5,5,5,6,7,4,4,4,5,5
1579,12,20,150,33,20,3,4,0,5,5,5,6,7,5,4,4,6,6
1580,35,78,180,44,63,4,9,2,6,6,7,6,6,4,5,6,6,7
1581,12,21,150,31,21,3,4,0,5,5,5,6,6,5,5,4,5,6
1582,45,26,130,100,58,6,8,12,7,7,4,6,4,5,4,3,7,6
1585,44,26,130,100,58,6,8,12,7,7,4,6,5,5,4,3,6,6
1586,11,21,150,32,21,3,4,0,5,5,5,6,7,4,5,4,5,6
1588,12,21,149,32,21,3,4,0,5,5,5,6,7,5,4,4,5,6
1589,36,79,180,45,64,4,9,2,6,6,6,6,6,4,5,6,6,7
1592,36,78,180,45,64,4,9,2,6,5,6,6,6,4,4,6,6,7
1593,13,22,150,32,21,3,5,1,5,5,5,6,7,5,5,4,5,6
1594,45,26,129,100,58,6,8,12,7,7,5,6,5,5,4,4,6,6
1595,12,21,150,32,20,3,4,0,5,5,5,6,7,4,4,4,5,6
1598,11,22,150,32,21,3,4,0,5,5,4,6,7,5,4,4,5,5
1599,36,77,180,45,65,4,9,2,6,5,6,6,6,5,5,6,6,7
1600,45,25,129,100,58,6,8,12,6,7,5,5,4,5,4,4,6,6
1601,12,21,149,32,21,3,4,0,5,5,5,6,7,5,5,4,5,6
1602,45,26,130,100,57,6,8,12,6,7,4,6,5,5,4,3,7,6
1603,13,21,150,33,21,3,5,0,5,5,5,6,7,5,4,4,5,6
1604,36,78,180,45,64,4,9,2,6,5,6,6,6,5,5,6,6,7
1606,7,11,61,6,10,1,9,0,4,4,4,7,7,4,4,3,4,5
1609,12,21,150,32,21,3,4,0,5,5,5,6,7,5,5,4,5,5
1610,12,21,150,32,21,3,4,1,5,5,5,6,7,5,5,4,6,6
1613,12,21,150,32,20,3,4,0,5,5,5,6,7,5,5,4,5,5
1614,5,11,60,6,9,1,9,0,4,4,4,7,7,4,4,3,4,5
1615,12,21,150,32,21,3,4,1,5,5,5,6,7,4,4,4,5,6
1617,12,21,150,32,21,3,4,0,5,5,5,6,7,5,5,4,5,5
1619,44,27,130,100,58,6,8,12,7,7,5,6,4,5,4,4,6,6
1621,45,25,130,100,58,6,8,12,7,7,5,5,5,5,4,3,6,6
1622,36,78,180,45,64,4,9,2,6,6,6,6,6,4,5,6,6,7
1623,37,78,180,45,64,4,8,2,6,5,6,6,6,4,4,6,6,7
1626,37,78,180,45,64,4,9,2,6,6,6,6,6,4,5,6,6,7
1627,12,21,150,32,21,3,4,1,5,5,5,6,7,5,4,4,5,6
1629,12,21,150,31,20,3,5,1,5,5,5,6,7,4,5,4,5,5
1630,36,78,180,45,64,4,9,2,6,6,6,6,6,4,5,6,6,6
1631,12,21,149,32,21,3,4,0,5,5,5,6,6,5,4,4,5,6
1633,36,77,180,45,64,5,9,2,6,5,6,6,6,4,4,6,6,7
1635,12,21,151,32,21,3,5,1,5,5,5,6,6,4,5,4,5,6
1637,44,26,130,100,58,6,8,12,6,7,4,6,4,5,4,4,7,6
1638,13,21,150,32,20,3,4,0,5,5,5,6,7,5,5,4,5,6
1642,36,78,180,44,64,4,9,2,6,6,6,6,6,4,4,6,6,7
1643,45,26,130,100,58,6,8,12,7,7,5,6,5,5,4,4,7,6
1644,13,21,150,32,21,3,4,0,5,5,5,6,7,5,4,4,5,6
1645,6,11,59,7,8,1,8,0,4,4,4,7,7,4,4,3,4,5
1646,12,21,150,33,21,3,4,0,5,5,5,6,6,5,5,4,5,6
1647,12,21,150,33,22,3,4,1,5,5,5,6,7,5,5,4,5,6
1648,12,21,150,33,21,3,4,0,5,5,5,6,7,4,5,4,5,6
1649,6,11,60,6,9,1,9,0,4,4,4,7,7,4,4,3,4,5
1650,12,21,150,32,20,3,4,0,5,5,5,6,7,5,4,4,5,6
1651,12,21,150,32,21,3,4,0,5,5,5,6,7,4,5,4,6,6
1653,12,21,151,32,20,3,4,1,5,5,5,6,7,5,5,4,5,5
1654,12,21,149,31,21,3,4,0,5,5,5,6,7,5,5,4,5,5
1656,12,20,150,32,21,3,4,0,5,5,5,6,7,5,5,4,5,5
1657,6,11,59,6,9,1,8,0,4,4,4,7,7,4,4,3,4,5
1659,11,21,150,32,21,3,4,0,5,5,5,6,7,5,5,4,6,6
1661,6,11,60,6,9,1,8,0,4,3,4,7,7,4,4,3,4,5
1662,6,10,60,6,9,1,9,0,4,4,4,7,7,4,4,3,4,5
1666,12,21,150,33,21,3,4,1,5,5,5,6,7,5,5,4,5,6
1667,45,26,130,99,58,6,8,12,7,7,4,5,5,5,4,4,6,6
1668,13,21,150,31,21,3,4,1,5,5,5,6,7,4,5,4,6,6
1669,6,11,60,6,9,1,9,0,4,4,4,7,7,4,4,3,4,5
1672,46,26,130,100,58,6,8,12,7,7,4,6,4,5,4,3,6,6
1673,11,21,150,32,21,3,4,0,5,5,5,6,7,5,5,4,5,6
1674,12,21,150,32,21,3,4,1,5,5,5,6,7,5,5,4,6,5
1675,13,21,150,33,21,3,4,1,5,5,5,6,7,5,4,4,6,6
1678,12,21,150,32,21,3,4,1,5,5,5,6,7,5,5,4,5,6
1679,12,22,149,32,21,3,4,1,5,6,5,6,7,4,4,4,5,6
1681,37,77,180,45,64,4,9,2,6,6,7,6,6,4,5,6,6,7
1684,6,11,60,6,9,1,8,0,4,4,4,7,7,4,4,3,4,6
1686,12,20,150,32,21,3,4,0,5,5,5,7,7,5,4,4,5,6
1687,36,78,180,45,64,4,9,2,6,5,6,6,5,4,5,6,6,7
1688,36,78,180,45,64,4,9,2,6,5,7,6,6,4,5,6,5,7
1689,5,12,60,6,10,1,9,0,4,4,4,7,7,4,3,3,4,5
1692,12,21,149,31,21,3,4,1,5,5,5,6,7,5,4,4,5,6
1693,6,10,60,5,9,1,8,0,4,4,4,7,7,4,4,3,4,5
1695,12,22,150,31,20,3,4,1,5,5,5,6,7,5,5,4,6,6
1696,12,21,150,32,21,3,4,0,5,5,5,6,7,5,5,4,5,6
1697,35,78,180,45,65,5,9,2,6,5,7,6,6,4,5,7,6,7
1698,37,78,180,45,64,4,9,2,6,5,6,5,6,5,5,6,6,7
1699,11,21,150,32,21,3,4,0,5,5,5,6,7,5,5,4,5,5
1700,11,21,151,32,21,3,4,0,5,5,5,6,7,4,5,4,5,6
1701,35,77,181,46,63,4,9,2,6,6,7,6,6,4,5,6,6,7
1702,36,78,180,44,64,5,9,2,6,6,6,6,6,4,4,6,6,7
1703,6,11,60,6,10,1,8,0,4,4,4,7,7,4,3,3,4,5
1704,6,11,61,6,9,1,9,0,4,4,4,7,7,4,4,3,4,5
1706,12,21,150,32,20,3,4,1,5,5,5,6,7,5,5,4,5,6
1707,12,21,150,32,21,3,4,1,5,5,5,6,7,5,5,4,5,6
1708,6,12,60,6,9,1,9,0,4,4,4,7,7,4,3,3,4,5
1709,36,77,180,45,63,5,9,2,6,6,7,6,6,5,4,6,6,7
1711,12,21,150,32,21,3,4,0,5,5,5,6,7,4,4,4,5,5
1715,6,11,60,6,9,1,9,0,4,4,4,6,7,4,4,3,4,5
1716,35,78,180,44,65,4,9,2,6,6,7,6,6,5,5,6,6,7
1718,12,20,150,32,21,3,4,0,5,5,5,6,7,5,4,4,5,6
1720,45,26,129,100,58,6,8,12,7,7,4,5,4,5,5,3,7,6
1721,12,21,150,33,21,3,4,0,5,5,5,6,7,5,5,4,5,6
1722,7,11,60,6,9,1,9,0,4,4,4,7,7,4,4,3,4,5
1723,13,21,150,32,21,3,4,1,5,5,5,6,6,5,5,4,5,6
1724,12,21,150,31,21,3,4,0,5,5,5,6,6,5,4,4,5,5
1725,11,21,150,32,22,3,4,0,5,5,5,6,7,5,4,4,5,6
1728,13,20,150,31,21,3,4,0,5,5,5,6,7,4,4,4,5,6
1729,45,26,130,99,59,6,8,12,7,7,4,5,4,5,4,4,6,6
1731,35,78,179,45,65,4,9,3,6,5,6,6,6,5,5,6,6,7
1734,37,77,180,46,65,5,9,2,6,5,6,6,6,4,4,6,6,7
1736,12,21,150,32,21,3,4,0,5,5,5,6,7,4,4,4,5,6
1738,12,21,150,31,21,3,4,0,5,5,5,6,7,5,4,4,6,6
1740,36,78,179,45,65,4,9,2,6,5,6,6,6,4,5,6,6,7
1741,12,21,150,31,22,3,4,0,5,5,5,6,7,5,4,4,5,5
1742,11,21,150,33,21,3,4,1,5,5,5,6,7,5,5,4,5,6
1743,6,11,60,5,9,1,9,0,4,4,4,7,7,4,3,3,4,5
1744,6,11,60,6,9,1,8,0,4,4,4,7,7,4,3,3,4,5
1745,12,21,150,32,21,3,4,0,5,5,5,6,7,5,4,4,5,5
1746,36,78,180,45,64,4,9,2,6,5,6,6,6,4,5,6,6,7
1747,6,11,61,7,9,1,9,0,4,4,4,7,7,4,4,3,4,5
1748,35,79,180,46,64,5,9,2,6,5,6,6,6,4,5,6,6,7
1749,35,78,180,45,64,4,9,2,6,5,6,6,6,4,5,6,6,7
1753,46,25,130,100,59,6,8,12,7,7,4,5,4,5,4,4,7,6
1754,6,12,60,6,9,1,9,0,4,4,4,7,7,4,4,3,4,5
1755,36,78,180,45,64,4,9,3,6,6,6,6,6,4,5,6,6,7
1756,36,79,180,45,65,4,9,2,6,6,6,6,6,5,5,6,6,7
1757,5,12,60,6,10,1,9,0,4,4,4,7,7,4,4,3,4,5
1758,12,20,150,32,21,3,5,0,5,5,5,6,6,5,4,4,5,6
1759,36,78,180,45,64,4,9,2,6,5,6,6,6,4,5,6,6,7
1760,12,21,151,31,22,3,4,0,5,5,5,6,7,4,5,4,5,5
1761,37,78,179,45,64,5,9,2,6,5,6,6,6,4,5,6,6,7
1762,36,78,180,45,65,4,9,3,6,5,6,6,6,4,5,6,6,7
1763,11,21,150,32,20,3,4,0,5,5,5,6,7,5,4,4,6,6
1764,6,10,60,6,9,1,8,0,4,4,4,7,7,4,4,3,4,5
1765,13,20,151,32,21,3,4,1,5,5,5,6,7,4,4,4,6,5
1766,12,21,150,32,22,3,4,1,5,5,5,6,7,5,5,4,6,5
1767,36,78,180,46,64,4,9,2,6,6,6,6,6,4,4,6,6,7
1768,46,26,130,100,58,6,8,12,7,7,4,5,4,5,4,4,6,6
1771,45,27,129,100,58,6,8,12,7,7,4,5,4,5,4,3,6,7
1772,6,11,60,6,9,1,9,0,4,4,4,7,7,4,4,3,4,5
1773,12,22,150,32,22,3,4,0,5,5,4,6,7,5,5,4,5,6
1774,12,21,150,32,21,3,4,0,5,5,5,6,7,4,5,4,6,6
1775,12,20,150,32,22,3,4,0,5,5,5,6,7,5,4,4,5,6
1776,36,78,179,45,64,4,9,2,6,5,6,6,6,4,5,6,6,7
1777,12,21,150,32,21,3,4,1,5,5,5,6,7,5,4,4,5,6
1778,36,78,180,46,64,4,9,2,6,5,6,6,6,4,5,6,6,7
1780,7,11,59,6,8,1,9,0,4,4,4,7,7,4,4,3,4,5
1781,13,22,151,32,21,3,4,0,5,5,5,6,7,4,4,4,5,5
1782,6,11,60,6,8,1,9,0,4,4,5,7,7,4,4,3,4,5
1783,12,21,150,32,20,3,4,0,5,5,5,6,7,5,4,4,5,6
1784,37,78,180,45,65,5,9,2,6,6,6,6,6,4,5,6,6,7
1786,12,21,150,32,21,3,4,1,5,5,5,6,7,5,4,4,5,6
1787,12,21,149,32,21,3,4,0,5,5,5,7,6,5,4,4,6,5
1790,12,20,150,31,21,3,4,0,5,5,5,6,7,5,4,4,5,5
1791,45,26,129,100,58,6,8,12,6,7,4,6,4,5,4,4,6,6
1793,12,21,150,32,22,3,4,0,5,5,5,6,7,5,4,4,5,6
1794,12,21,150,32,22,3,4,1,5,5,5,6,7,5,4,4,5,6
1795,12,21,150,32,21,3,4,1,5,5,5,6,7,5,5,4,5,6
1796,36,78,180,45,63,5,9,2,6,5,6,6,6,5,5,6,6,7
1797,11,21,150,32,21,3,4,0,5,5,5,6,7,4,4,4,5,6
1798,12,21,150,32,21,3,4,0,5,5,5,6,7,4,5,4,5,6
1799,46,26,129,100,58,6,8,12,7,7,5,5,5,5,4,3,7,6
1800,36,78,181,45,65,4,9,2,6,5,6,6,6,5,5,6,6,7
1801,13,21,150,31,21,3,4,1,5,5,5,6,7,5,4,4,6,6
1802,36,78,180,44,63,5,9,3,6,6,7,6,6,4,5,6,6,7
1803,12,21,151,32,21,3,5,0,5,5,5,6,7,5,4,4,6,5
1805,12,21,151,31,20,3,4,1,5,5,5,6,7,4,5,4,5,5
1807,12,21,149,32,21,3,4,1,5,5,5,6,7,4,5,4,5,6
1808,12,21,151,32,21,3,4,0,5,5,5,6,7,5,5,4,6,6
1810,45,26,129,99,57,6,8,12,7,7,4,6,4,5,4,4,6,6
1812,12,21,149,33,21,3,4,0,5,5,5,6,7,5,4,4,5,5
1813,12,21,150,33,21,3,4,1,5,5,5,6,7,5,5,4,5,5
1814,12,21,150,32,21,3,4,1,5,5,5,6,7,4,4,4,5,6
1816,11,21,150,32,21,3,4,1,5,5,5,6,7,5,5,4,5,6
1817,36,78,180,45,64,4,9,2,6,6,6,6,6,4,5,6,6,7
1818,44,26,130,99,58,6,8,12,6,7,4,6,5,5,4,4,7,6
1819,12,21,149,32,21,3,4,0,5,5,5,6,7,4,5,4,5,6
1821,12,21,151,33,21,3,4,0,5,5,5,6,7,5,5,4,5,6
1822,36,78,180,45,63,5,9,2,6,6,6,6,6,4,5,6,6,7
1823,12,21,150,32,21,3,4,1,5,5,5,6,7,4,5,4,5,5
1824,13,21,150,32,22,3,4,0,5,5,5,6,7,5,5,4,6,6
1825,45,26,130,100,58,6,8,12,7,7,4,5,5,5,4,4,7,6
1826,36,79,180,44,64,4,9,2,6,5,6,6,6,4,5,6,6,7
1828,12,21,150,32,21,3,4,1,5,5,5,6,7,5,5,4,5,6
1832,36,78,180,45,64,5,9,2,6,6,7,6,6,4,5,6,6,7
1834,36,78,180,45,64,4,9,2,6,5,6,6,6,4,5,6,6,7
1835,6,11,61,6,9,1,8,0,4,4,4,7,7,4,4,3,4,5
1836,36,78,181,45,64,4,9,2,6,5,6,6,6,4,5,6,6,7
1837,6,10,60,6,8,1,8,0,4,4,5,7,7,4,4,3,4,5
1838,11,21,151,32,21,3,5,1,5,5,5,6,7,4,5,4,6,6
1839,44,25,130,100,58,6,8,12,7,7,4,6,4,5,4,4,7,6
1840,36,79,181,45,64,5,9,2,6,5,7,6,6,4,5,6,6,7
1841,12,21,149,32,20,3,4,0,5,5,5,6,7,4,5,4,6,6
1842,36,78,179,45,64,4,9,2,6,6,6,6,6,4,5,6,6,7
1843,5,12,60,6,9,1,9,0,4,4,4,7,7,4,4,3,4,5
1844,11,20,150,32,21,3,4,0,5,5,5,7,7,4,5,4,5,6
1845,12,22,150,32,21,3,4,1,5,6,5,6,7,5,4,4,6,5
1846,6,11,60,6,9,1,9,0,4,4,4,7,7,4,4,3,4,5
1847,13,21,150,32,21,3,4,0,5,5,5,6,6,5,5,4,5,6
1848,36,78,179,45,64,4,9,2,6,6,7,6,6,5,4,6,6,7
1850,36,78,180,45,65,4,9,3,6,5,6,6,6,5,4,6,6,7
1851,12,21,150,32,20,3,4,1,5,5,5,6,7,5,4,4,5,5
1852,6,11,60,6,9,1,9,0,4,4,4,7,7,4,4,3,4,5
1854,12,21,150,32,21,3,4,1,5,5,5,6,7,5,4,4,5,6
1855,13,21,150,32,21,3,4,0,5,5,5,6,7,5,4,4,5,6
1857,36,78,180,45,64,4,9,2,6,5,6,6,6,4,5,6,6,7
1859,12,21,150,31,22,3,4,0,5,5,5,6,7,5,4,4,5,6
1861,37,78,180,45,63,5,9,2,6,6,6,6,6,4,4,6,6,7
1862,11,22,150,31,21,3,4,1,5,5,5,6,7,5,4,4,5,6
1864,11,21,150,32,21,3,4,0,5,5,5,6,7,5,5,4,5,5
1865,12,21,151,32,21,3,4,1,5,5,5,6,6,4,4,4,5,5
1866,12,21,149,32,22,3,4,0,5,5,5,6,7,5,4,4,5,6
1867,45,26,130,100,58,6,8,12,7,7,4,5,4,5,4,3,6,6
1868,6,11,60,6,9,1,9,0,4,4,4,7,7,4,3,3,4,5
1869,36,78,180,45,64,4,9,2,6,5,6,6,6,4,4,6,6,7
1871,35,78,179,45,63,4,9,2,6,5,6,6,6,5,5,6,6,7
1872,36,79,180,45,63,4,9,2,6,6,6,6,6,4,4,6,6,7
1874,5,11,60,6,10,1,8,0,4,4,4,7,7,4,4,3,4,5
1875,12,21,150,32,20,3,4,0,5,5,5,6,7,5,4,4,5,6
1876,7,11,60,6,9,1,8,0,4,4,4,7,7,4,4,3,4,5
1877,11,21,150,32,22,3,4,0,5,5,5,6,7,5,5,4,5,5
1878,36,78,180,45,65,5,9,3,6,6,6,6,6,5,5,6,6,6
1879,35,77,180,44,64,5,9,2,6,5,7,6,6,5,5,6,6,7
1883,35,78,180,45,64,4,9,2,6,6,6,6,6,4,5,6,6,7
1888,44,26,131,100,58,6,8,12,7,7,4,5,4,5,4,4,7,6
1889,12,21,151,32,21,3,4,1,5,5,5,6,6,5,4,4,5,5
1891,13,21,150,32,21,3,4,0,5,5,5,6,7,4,4,4,6,6
1892,5,11,60,6,9,1,9,0,4,4,4,7,7,4,4,3,4,5
1893,12,21,150,31,21,3,4,1,5,5,5,6,7,5,4,4,5,5
1895,36,77,180,45,64,4,9,2,6,5,6,6,6,4,4,6,6,7
1896,6,11,61,6,9,1,9,0,4,4,4,7,7,4,4,3,4,5
1897,12,21,149,32,21,3,4,0,5,5,5,6,7,5,4,4,5,6
1900,6,11,60,6,9,1,8,0,4,4,4,7,7,4,4,3,4,5
1902,37,77,179,45,64,4,9,2,6,6,6,6,6,4,5,6,6,7
1903,36,78,180,46,64,4,9,2,6,6,6,6,6,5,5,6,6,7
1904,12,22,150,32,21,3,4,1,5,5,5,6,7,5,4,4,6,6
1906,36,79,180,45,63,4,9,2,6,5,7,6,6,4,5,6,6,7
1907,12,21,150,31,20,3,4,1,5,5,5,6,7,5,4,4,5,6
1909,13,20,149,32,21,3,4,0,5,5,5,6,7,5,5,4,5,6
1910,12,21,150,32,21,3,4,0,5,5,5,6,7,5,4,4,5,5
1911,12,20,151,33,20,3,4,0,5,5,5,6,7,5,5,4,5,6
1912,12,21,150,33,20,3,4,0,5,5,5,6,7,5,4,4,5,6
1914,12,20,151,32,22,3,4,1,5,5,5,6,7,5,5,4,5,5
1915,37,78,179,45,64,4,9,2,6,6,6,6,6,4,5,6,6,7
1916,45,26,130,100,58,6,8,12,7,7,4,6,4,5,4,4,7,6
1917,36,79,180,45,64,4,9,2,6,5,6,6,6,4,5,6,6,7
1919,12,22,150,32,22,3,4,0,5,5,5,6,7,5,4,4,6,6
1920,6,11,59,6,9,1,9,0,4,4,4,7,7,4,4,3,4,6
1922,13,22,150,33,21,3,4,0,5,5,5,7,7,5,4,4,5,6
1923,7,11,60,6,9,1,9,0,4,4,4,7,7,4,4,2,4,5
1924,36,78,181,45,64,4,9,2,6,5,6,6,6,5,5,6,6,7
1925,12,21,150,31,21,3,4,0,5,5,5,6,7,5,5,4,5,6
1926,6,11,60,6,9,1,9,0,4,4,4,7,7,4,4,3,4,5
1928,12,21,150,31,20,3,4,0,5,5,5,6,7,4,4,4,6,5
1929,36,78,180,46,64,4,9,3,6,6,6,6,6,4,5,6,6,7
1930,35,79,180,45,64,4,9,2,6,5,6,6,6,5,4,6,6,7
1932,45,26,130,100,58,6,8,12,7,7,4,5,4,5,4,4,6,6
1934,12,21,151,32,21,3,4,0,5,5,5,6,7,5,4,4,6,6
1935,12,21,150,32,20,3,5,1,5,5,5,6,7,4,4,4,5,6
1936,36,78,180,45,64,4,9,2,6,5,6,6,6,4,5,6,6,7
1937,12,22,150,32,21,3,4,1,5,5,5,6,7,5,4,4,5,5
1940,12,21,150,32,21,3,4,0,5,5,5,6,7,4,5,4,5,6
1941,36,78,180,45,63,4,9,3,6,5,7,6,6,4,5,6,6,7
1942,12,21,150,32,20,3,4,1,5,5,5,6,7,5,5,4,6,5
1943,12,21,149,33,21,3,4,0,5,5,5,6,7,5,5,4,5,5
1944,13,21,150,32,21,3,4,1,5,5,5,7,7,5,5,4,6,6
1946,12,21,150,32,21,3,4,0,5,5,5,6,7,4,5,4,5,6
1950,6,11,61,5,9,1,8,0,4,4,4,7,7,4,3,3,4,5
1952,12,21,150,32,21,3,4,1,5,5,5,6,7,4,4,4,5,6
1953,12,21,151,32,22,3,4,1,5,5,5,6,7,5,4,4,6,6
1954,46,26,130,100,58,6,8,12,7,7,4,6,4,5,4,4,7,6
1955,12,21,151,32,20,3,4,0,5,5,5,6,7,5,4,4,5,5
1956,12,21,149,32,21,3,4,0,5,5,5,6,7,5,5,4,6,6
1958,12,21,150,32,21,3,4,0,5,5,5,7,7,5,5,4,5,6
1959,44,26,131,100,59,6,8,12,7,7,4,6,4,5,4,4,7,6
1960,12,21,150,31,22,3,4,0,5,5,5,6,7,5,4,4,6,5
1961,36,78,181,45,64,5,9,2,6,6,6,6,6,4,4,6,6,6
1963,36,79,181,44,64,4,9,2,6,5,7,6,6,4,4,6,6,7
1965,12,20,149,32,22,3,4,1,5,5,5,6,6,5,5,4,6,5
1967,12,20,149,33,21,3,4,0,5,5,5,6,7,5,5,4,5,5
1969,45,25,131,100,58,6,8,12,7,7,5,5,4,5,4,3,7,6
1970,12,22,150,32,20,3,4,0,5,5,5,6,6,5,4,4,5,5
1971,7,10,60,7,9,1,8,0,4,4,5,7,7,3,3,3,4,5
1973,6,11,60,6,9,1,9,0,4,4,4,7,7,4,3,3,4,5
1975,12,21,150,32,20,3,4,0,5,5,5,7,7,4,4,4,5,6
1977,36,78,180,46,64,5,9,2,6,6,6,6,6,4,5,6,6,7
1980,12,21,150,32,20,3,4,1,5,5,5,6,7,5,5,4,5,6
1981,45,26,130,100,58,6,8,12,7,7,4,5,4,5,4,4,7,6
1985,37,78,180,46,64,4,9,2,6,6,7,6,6,5,5,6,6,7
1986,13,21,151,32,20,3,4,1,5,5,5,6,7,5,4,4,6,6
1987,11,21,150,32,21,3,4,0,5,5,5,6,7,4,4,4,5,6
1988,12,20,150,32,21,3,4,1,5,5,5,6,7,5,4,4,5,5
1989,45,26,130,100,58,6,8,12,7,7,4,5,5,5,4,4,7,6
1990,12,21,150,32,21,3,4,0,5,5,5,6,7,5,5,4,5,6
1993,44,26,130,100,58,6,8,12,6,7,4,5,4,5,4,3,7,6
1994,12,20,150,32,21,3,4,0,5,5,5,6,7,5,5,4,5,5
1995,37,78,180,45,64,4,9,2,6,6,6,6,6,5,5,6,6,7
1997,36,78,180,45,64,4,9,3,6,6,6,6,6,4,5,6,6,7
2000,36,79,181,45,64,4,9,2,6,5,7,6,6,4,4,6,6,7
2001,35,77,180,45,64,4,9,2,6,5,7,6,6,4,5,6,6,7
2004,12,21,150,32,21,3,4,1,5,5,5,6,7,5,5,4,5,6
2006,45,26,130,100,58,6,8,12,7,7,4,5,5,5,4,4,6,6
2007,11,22,150,32,21,3,4,0,5,5,5,6,7,4,4,4,5,6
2012,6,11,59,6,9,1,9,0,4,4,4,7,7,4,3,3,4,5
2016,12,21,150,32,21,3,5,1,5,5,5,6,7,5,5,4,5,5
2018,46,26,130,100,59,6,8,12,7,7,4,5,4,5,4,3,6,6
2019,13,22,150,32,21,3,4,0,5,5,5,6,7,5,4,4,5,6
2020,44,26,129,99,57,6,8,12,6,7,4,6,4,5,4,4,6,6
2021,5,11,61,7,9,1,9,0,4,4,4,7,7,4,3,3,4,5
2022,12,22,150,32,21,3,4,0,5,5,5,6,7,5,5,4,5,6
2026,11,21,150,32,20,3,4,1,5,5,5,6,6,5,4,4,5,6
2028,6,12,60,6,9,1,8,0,4,4,4,7,7,4,4,3,4,6
2029,12,21,150,32,20,3,4,1,5,5,5,6,6,5,4,4,5,6
2030,5,11,60,6,9,1,9,0,4,4,4,7,7,4,4,3,4,5
2031,36,79,180,46,64,4,9,2,6,6,7,6,6,4,5,6,6,7
2032,6,10,60,7,9,1,9,0,4,4,4,7,7,4,4,3,4,5
2033,5,11,60,6,9,1,9,0,4,4,4,7,7,4,4,3,4,5
2034,12,22,151,32,20,3,4,1,5,5,5,6,7,5,4,4,5,6
2035,12,21,150,32,21,3,4,1,5,5,5,6,7,4,4,4,5,5
2036,11,22,151,32,21,3,4,1,5,5,5,6,7,5,4,4,5,6
2037,36,78,180,45,64,4,9,3,6,6,6,6,6,4,5,6,6,7
2039,12,21,150,32,21,3,4,0,5,5,5,6,7,5,5,4,5,6
2040,45,26,130,100,58,6,8,12,7,7,4,5,4,5,4,4,6,6
2041,12,21,150,32,21,3,4,1,5,5,5,6,6,4,5,4,6,5
2043,12,22,150,32,21,3,4,1,5,5,5,6,7,5,5,4,5,6
2046,6,11,60,7,9,1,9,0,4,4,4,7,7,4,4,3,4,5
2048,36,78,180,45,64,4,9,2,6,5,6,6,6,4,5,6,6,7
2049,6,11,60,6,9,1,9,0,4,4,4,7,7,4,4,3,4,5
2050,12,20,150,32,21,3,4,1,5,5,5,6,7,5,4,4,6,6
2051,45,26,130,100,57,6,8,12,7,7,4,6,4,5,4,4,7,6
2052,5,11,60,6,8,1,8,0,4,4,4,7,7,4,4,3,4,5
2054,36,77,180,45,64,4,9,2,6,5,6,6,6,4,5,6,6,7
2057,13,21,150,32,21,3,4,0,5,5,5,6,7,5,4,4,5,6
2058,36,77,180,44,62,4,9,2,6,5,7,6,6,4,4,6,6,7
2060,12,21,150,32,20,3,4,1,5,5,5,6,7,5,5,4,5,6
2064,12,21,150,33,21,3,4,1,5,5,5,6,7,5,5,4,5,5
2065,12,21,150,32,21,3,4,0,5,5,5,6,7,5,5,4,5,6
2066,45,27,130,100,57,6,8,12,6,7,4,5,5,5,4,4,6,6
2067,6,11,60,5,9,1,9,0,3,4,4,6,7,4,4,3,4,6
2068,36,78,179,45,63,5,9,2,6,6,6,6,6,5,4,6,6,7
2069,12,21,150,32,21,3,4,0,5,5,5,6,7,5,5,4,5,6
2071,13,21,150,32,20,3,4,1,5,5,5,6,7,4,5,4,5,6
2072,11,20,150,32,21,3,4,0,5,5,5,6,7,5,4,4,5,6
2075,36,78,180,46,64,4,9,2,6,6,6,6,6,4,5,6,6,7
2076,36,78,179,46,64,4,9,2,6,5,7,6,6,4,5,6,6,7
2080,13,20,150,32,21,3,4,1,5,5,5,6,7,5,4,4,5,6
2081,13,21,150,32,21,3,4,0,5,5,5,6,7,5,4,4,5,6
2082,12,22,150,32,21,3,4,0,5,5,5,6,7,4,4,4,5,6
2083,12,21,150,31,20,3,4,1,5,5,5,6,7,5,5,4,5,6
2085,7,11,60,6,9,1,9,0,4,4,4,7,7,4,4,3,4,5
2086,36,78,179,45,65,5,9,2,6,6,6,6,6,5,5,6,6,7
2087,12,20,150,32,21,3,4,0,5,5,5,6,7,4,5,4,5,6
2088,12,20,150,32,21,3,4,0,5,5,5,6,7,5,5,4,5,5
2090,36,78,179,45,64,4,9,2,6,5,6,6,6,4,4,7,6,7
2091,46,26,130,100,58,6,8,12,7,7,4,5,4,5,4,4,7,6
2092,12,21,150,32,20,3,4,0,5,5,5,6,7,5,4,4,5,5
2094,6,12,60,6,9,1,9,0,4,4,4,7,7,4,3,3,4,5
2095,6,11,60,6,9,1,9,0,4,4,4,7,7,4,4,3,4,5
2096,11,21,150,32,21,3,4,0,5,5,5,6,7,4,4,4,5,6
2097,11,21,150,31,21,3,4,1,5,5,5,6,7,4,4,4,6,6
2098,5,12,60,5,10,1,9,0,4,4,4,7,7,4,4,3,4,5
2102,13,22,151,32,21,3,4,0,5,5,5,6,7,5,5,4,5,5
2103,12,21,150,32,21,3,4,0,5,5,5,6,6,5,5,4,6,5
2104,45,26,131,100,58,6,8,12,7,7,4,6,5,5,4,4,7,6
2106,6,10,59,6,9,1,9,0,4,4,4,7,7,4,4,3,4,5
2107,6,11,61,6,9,1,9,0,4,4,4,7,7,4,4,3,4,5
2108,12,21,150,31,21,4,4,1,5,5,5,6,7,4,5,4,5,6
2109,45,26,130,100,59,6,8,12,7,7,4,5,4,5,4,4,7,6
2110,36,77,180,44,64,4,9,3,6,5,6,6,6,4,5,6,6,7
2113,12,20,150,32,21,3,4,1,5,5,5,6,7,5,4,4,6,6
2114,12,21,150,32,21,3,4,0,5,5,5,6,7,4,5,4,5,6
2115,6,11,59,6,9,1,8,0,4,4,4,7,7,4,4,3,4,5
2116,13,21,151,32,20,3,5,0,5,5,5,6,7,5,4,4,5,6
2117,12,21,150,31,22,3,4,0,5,5,5,6,7,5,5,4,5,6
2118,12,21,150,31,21,3,4,1,5,5,5,6,7,5,5,4,6,6
2119,35,79,179,46,64,4,9,2,6,6,6,6,6,4,4,6,6,7
2120,6,11,60,6,9,1,9,0,4,4,4,7,7,4,4,3,4,5
2121,6,12,60,6,8,1,9,0,4,4,4,7,7,4,3,3,4,5
2122,12,21,150,33,21,3,4,0,5,5,5,6,7,5,4,4,6,6
2123,36,78,179,46,64,4,9,2,6,5,7,6,6,4,5,6,6,7
2124,12,21,150,32,21,3,4,1,5,5,5,6,7,5,5,4,5,6
2125,45,26,130,100,58,6,8,12,7,7,4,6,4,5,4,4,7,6
2126,12,21,151,32,21,3,4,0,5,5,5,6,7,5,4,4,5,6
2127,12,22,150,32,21,3,4,1,5,5,5,6,7,5,4,4,5,5
2129,6,11,60,6,9,1,9,0,4,4,4,7,7,4,4,3,4,5
2130,37,78,180,45,64,5,9,2,6,6,6,6,6,5,4,6,6,7
2131,12,21,150,31,22,3,4,1,5,5,5,6,7,5,5,4,5,5
2132,12,20,150,32,21,3,4,0,5,5,5,6,7,4,5,4,5,6
2133,12,21,150,33,21,3,4,0,5,5,5,6,7,5,4,4,5,6
2134,12,21,150,32,20,3,4,0,5,5,5,6,7,4,5,4,5,6
2135,36,78,181,45,64,4,9,2,6,5,6,6,6,5,5,6,6,7
2136,12,21,149,32,21,3,4,0,5,5,5,6,7,5,4,4,5,6
2137,11,21,150,32,20,3,4,1,5,5,5,7,7,5,4,4,5,6
2138,36,78,181,45,64,4,9,2,6,6,6,6,6,4,5,6,6,7
2139,44,26,130,100,58,6,8,12,6,7,5,6,4,5,4,4,6,6
2140,35,78,180,46,64,4,9,2,6,5,6,5,6,4,5,6,6,7
2141,11,21,151,32,20,3,4,1,5,5,5,6,7,4,4,4,5,6
2142,6,10,60,6,9,0,9,0,4,4,4,7,7,4,3,3,4,5
2147,36,79,180,45,64,4,9,2,6,5,7,6,6,5,5,6,6,7
2148,12,20,150,33,21,3,4,0,5,5,5,6,7,5,4,4,5,6
2150,12,21,150,32,21,3,4,1,5,5,5,7,7,5,5,4,5,6
2151,12,20,150,32,21,3,4,1,5,5,5,6,7,5,5,4,6,6
2152,6,11,59,6,8,1,9,0,4,4,4,7,7,4,3,3,4,5
2153,45,26,130,100,58,6,8,12,6,7,4,6,4,5,4,4,6,6
2154,12,21,150,31,21,3,4,1,5,5,5,6,7,5,4,4,5,5
2155,37,78,180,45,65,4,9,2,6,5,6,6,6,4,5,6,6,7
2157,11,22,149,32,21,3,5,1,5,5,5,7,7,5,5,4,6,5
2158,5,11,60,6,9,1,9,0,4,4,4,7,7,4,3,3,4,5
2159,36,78,180,45,64,4,9,2,6,5,6,6,6,5,5,6,6,7
2160,13,21,150,32,22,3,4,1,5,5,5,6,7,5,5,4,5,6
2162,12,21,150,32,21,3,4,1,5,5,5,6,7,5,5,4,5,5
2163,12,21,150,32,20,3,4,1,5,5,5,6,7,4,5,4,6,6
2164,13,21,150,32,21,3,4,1,5,5,5,7,7,4,4,4,5,6
2165,12,21,150,32,21,3,4,0,5,5,5,6,7,5,5,4,5,5
2166,6,11,60,6,9,1,9,0,4,4,4,6,7,4,3,3,4,5
2169,36,77,180,46,65,4,9,2,6,5,6,6,6,4,5,6,6,7
2172,44,26,130,100,58,6,8,12,6,7,4,5,4,5,4,3,6,6
2175,36,77,181,46,63,4,9,2,6,6,6,6,6,4,5,6,6,7
2176,6,11,60,6,10,1,8,0,4,4,4,7,7,4,4,3,4,5
2178,11,21,148,32,22,3,4,0,5,5,5,6,7,5,5,4,6,5
2180,7,12,60,5,9,1,9,0,4,4,4,7,7,4,4,3,4,6
2183,11,21,150,32,21,3,4,1,5,5,5,6,7,4,4,4,5,6
2185,11,21,150,31,22,3,4,0,5,5,5,6,7,5,5,4,6,6
2189,13,20,150,31,20,3,4,1,5,5,4,6,7,5,5,3,5,6
2190,37,77,181,45,64,5,9,2,6,5,7,6,6,4,4,6,6,7
2191,12,21,150,33,22,3,4,1,5,5,5,6,7,4,4,4,5,6
2192,36,78,180,45,64,5,9,3,6,6,6,6,6,4,4,6,6,7
2196,5,11,60,6,8,1,9,0,4,4,4,7,7,4,4,3,4,5
2197,6,10,60,6,9,1,9,0,4,4,4,7,7,4,4,3,4,5
2199,13,21,150,32,21,3,4,1,5,5,5,6,7,4,4,4,5,5
2200,36,78,180,45,64,4,9,2,6,6,6,6,6,5,5,6,6,7
2201,36,78,180,45,64,4,9,2,6,5,6,6,6,4,5,6,6,7
2202,12,21,149,31,20,3,4,0,5,5,5,6,7,5,4,4,5,6
2203,13,21,150,32,21,3,4,0,5,5,5,6,7,5,5,4,5,5
2206,12,21,150,32,20,3,4,0,5,6,5,6,7,4,4,4,5,5
2210,12,21,150,32,21,3,4,1,5,5,5,6,7,5,4,4,6,6
2211,12,20,150,31,20,3,4,0,5,5,5,6,7,5,5,4,5,6
2213,6,11,61,6,9,1,9,0,4,4,4,6,7,4,3,3,4,5
2214,5,11,61,6,8,1,9,0,4,4,4,7,7,4,4,3,4,5
2215,45,26,130,100,58,6,8,12,6,7,5,6,4,5,4,4,7,6
2216,5,12,60,6,9,1,8,0,4,4,4,7,7,4,4,3,4,5
2217,36,78,181,44,64,4,9,2,6,6,7,6,6,5,5,6,6,7
2218,6,11,60,6,10,1,9,0,4,4,4,7,7,4,4,3,4,5
2220,12,21,150,32,21,3,4,0,5,5,5,6,7,5,5,4,5,5
2221,12,21,149,32,21,3,4,1,5,5,5,6,7,4,4,4,5,6
2222,36,77,180,45,64,4,9,2,6,6,6,6,6,4,4,6,6,7
2224,12,22,151,31,21,3,4,1,5,5,5,6,7,5,5,4,5,5
2225,13,22,150,32,21,3,5,0,5,5,5,6,7,5,5,4,6,6
2226,13,21,150,31,20,3,4,1,5,5,5,7,7,5,4,4,6,5
2228,6,11,60,6,10,1,9,0,4,4,4,7,7,4,4,3,4,5
2229,12,20,150,33,21,3,4,1,5,5,5,6,7,5,5,4,6,6
2233,12,21,150,32,22,3,4,1,5,5,5,6,7,4,5,4,6,6
2234,36,78,180,46,65,4,9,2,6,6,6,6,6,4,5,6,6,7
2235,12,21,150,32,22,4,4,0,5,5,5,6,7,5,5,4,5,5
2236,6,12,60,6,9,1,9,0,4,4,4,7,7,4,4,3,4,5
2238,36,77,180,45,64,4,9,2,6,5,7,6,6,5,5,6,6,7
2241,12,21,150,32,21,3,4,0,5,5,5,6,7,4,5,4,6,5
2244,45,26,129,100,58,6,8,12,7,7,5,6,5,5,4,4,6,6
2245,12,21,150,32,20,3,4,0,5,5,5,6,7,5,5,4,6,6
2247,12,21,150,32,22,3,4,0,5,5,5,6,7,5,5,4,5,6
2248,12,21,150,32,21,3,4,1,5,5,5,6,7,4,4,3,5,5
2250,45,25,130,100,58,6,8,12,6,7,4,5,5,5,4,4,7,6
2251,45,26,130,100,58,6,8,12,7,7,4,6,5,5,4,4,6,6
2253,36,78,180,45,64,5,8,2,6,5,6,6,6,4,5,6,6,7
2257,13,21,151,32,21,3,4,0,5,5,5,6,7,5,4,4,6,6
2259,46,25,130,99,58,6,8,12,6,7,4,6,4,5,4,4,7,6
2260,12,22,150,32,21,3,4,0,5,5,4,6,7,5,4,4,5,6
2262,13,21,149,33,20,3,5,0,5,5,5,6,7,5,4,4,5,5
2263,6,11,60,6,8,1,9,0,4,4,4,7,7,4,4,3,4,5
2264,12,21,150,32,22,3,4,0,5,5,5,6,7,5,4,4,5,5
2265,45,26,130,100,57,6,8,12,7,7,4,6,5,5,4,4,6,6
2266,36,77,181,45,64,4,8,2,6,6,7,6,6,4,5,6,6,7
2267,6,12,60,6,10,1,8,0,4,4,4,7,7,4,3,3,4,5
2268,35,78,180,45,63,4,9,2,6,6,6,6,6,5,5,6,6,7
2269,45,25,130,100,58,6,8,12,6,7,4,5,5,5,4,4,7,6
2271,7,10,59,6,9,1,9,0,4,4,4,7,7,4,4,3,4,5
2272,6,10,61,6,9,1,9,0,4,4,4,7,7,4,4,3,4,5
2273,12,21,150,32,20,3,4,1,5,5,5,6,7,5,4,4,6,6
2274,11,22,149,32,21,3,4,0,5,5,5,6,7,4,4,4,6,6
2275,12,21,150,32,21,3,4,0,5,5,5,6,7,5,4,4,6,5
2276,7,10,60,6,9,1,9,0,4,4,4,7,7,4,4,3,4,5
2279,12,21,150,33,22,3,4,0,5,5,5,7,7,5,5,4,6,6
2281,36,78,180,45,64,4,9,2,6,6,6,6,6,5,5,6,6,7
2282,5,11,60,6,9,1,9,0,4,4,4,7,7,4,4,3,4,5
2283,36,78,181,46,63,4,9,2,6,6,7,6,6,4,5,6,6,7
2284,13,21,150,32,20,3,5,1,5,5,5,6,7,4,5,4,6,6
2285,36,78,180,44,64,4,9,2,6,6,6,6,6,5,4,6,6,6
2286,12,21,151,33,21,3,4,1,5,5,5,6,6,5,4,4,5,6
2287,13,21,150,32,20,3,4,1,5,5,5,6,7,5,4,4,6,6
2289,12,21,150,32,20,3,4,0,5,5,5,6,7,4,5,4,6,5
2290,13,21,150,32,22,3,4,1,5,5,4,6,7,5,5,4,6,6
2294,12,22,150,32,21,3,4,0,5,5,5,6,7,4,5,4,5,6
2295,12,21,151,31,21,3,4,1,5,5,5,6,7,5,4,4,6,5
2296,12,21,150,32,21,3,4,1,5,5,5,6,7,5,5,4,6,5
2299,12,21,150,32,20,3,4,0,5,5,5,6,7,4,5,4,5,6
2300,12,21,150,32,20,3,4,1,5,5,5,6,6,5,4,4,5,5
